 CMFGEN: rest frame std air 0.33-1.0 micron continuum
 Metallicity, zeta =     1.000
 T    :    38.000  kK,    Logg :    4.100 cm/s^2
 Reff :     9.331  R0,    L    :  1.630E+05 L0 
 Mdot :  2.744E-07 M0/yr,  Vinf :  3324.689 km/s
 Wavelength(air)  Flambda
 (A)              (ergs/s/cm2/A)
  3290.27154  3.24718E+08
  3290.82027  3.24524E+08
  3291.36919  3.24329E+08
  3291.91828  3.24130E+08
  3292.46720  3.23935E+08
  3293.01666  3.23741E+08
  3293.56595  3.23547E+08
  3294.11506  3.23353E+08
  3294.66471  3.23159E+08
  3295.21418  3.22965E+08
  3295.76383  3.22771E+08
  3296.31367  3.22577E+08
  3296.86333  3.22379E+08
  3297.41354  3.22185E+08
  3297.96357  3.21992E+08
  3298.51341  3.21798E+08
  3299.06381  3.21605E+08
  3299.61402  3.21412E+08
  3300.16442  3.21219E+08
  3300.71500  3.21026E+08
  3301.26540  3.20833E+08
  3301.81599  3.20640E+08
  3302.36676  3.20448E+08
  3302.91771  3.20250E+08
  3303.46885  3.20057E+08
  3304.01981  3.19865E+08
  3304.57095  3.19673E+08
  3305.12191  3.19480E+08
  3305.67341  3.19288E+08
  3306.22474  3.19096E+08
  3306.77625  3.18904E+08
  3307.32795  3.18712E+08
  3307.87946  3.18521E+08
  3308.43116  3.18329E+08
  3308.98305  3.18138E+08
  3309.53511  3.17946E+08
  3310.08700  3.17755E+08
  3310.63943  3.17563E+08
  3311.19169  3.17372E+08
  3311.74376  3.17181E+08
  3312.29638  3.16990E+08
  3312.84882  3.16799E+08
  3313.40145  3.16608E+08
  3313.95389  3.16418E+08
  3314.50689  3.16227E+08
  3315.05970  3.16036E+08
  3315.61269  3.15846E+08
  3316.16588  3.15655E+08
  3316.71887  3.15465E+08
  3317.27206  3.15275E+08
  3317.82542  3.15085E+08
  3318.37898  3.14895E+08
  3318.93235  3.14705E+08
  3319.48590  3.14515E+08
  3320.03964  3.14325E+08
  3320.59356  3.14136E+08
  3321.14730  3.13946E+08
  3321.70123  3.13757E+08
  3322.25534  3.13567E+08
  3322.80963  3.13378E+08
  3323.36374  3.13189E+08
  3323.91841  3.13000E+08
  3324.47252  3.12811E+08
  3325.02719  3.12622E+08
  3325.58167  3.12433E+08
  3326.13671  3.12249E+08
  3326.69156  3.12061E+08
  3327.24623  3.11872E+08
  3327.80145  3.11684E+08
  3328.35649  3.11495E+08
  3328.91171  3.11307E+08
  3329.46675  3.11119E+08
  3330.02235  3.10931E+08
  3330.57776  3.10743E+08
  3331.13335  3.10555E+08
  3331.68876  3.10367E+08
  3332.24473  3.10184E+08
  3332.80051  3.09997E+08
  3333.35647  3.09809E+08
  3333.91225  3.09622E+08
  3334.46859  3.09434E+08
  3335.02474  3.09247E+08
  3335.58108  3.09060E+08
  3336.13723  3.08878E+08
  3336.69394  3.08691E+08
  3337.25046  3.08504E+08
  3337.80717  3.08317E+08
  3338.36370  3.08130E+08
  3338.92078  3.07944E+08
  3339.47767  3.07757E+08
  3340.03475  3.07575E+08
  3340.59202  3.07389E+08
  3341.14910  3.07203E+08
  3341.70636  3.07017E+08
  3342.26381  3.06830E+08
  3342.82145  3.06649E+08
  3343.37890  3.06463E+08
  3343.93654  3.06278E+08
  3344.49436  3.06092E+08
  3345.05237  3.05906E+08
  3345.61019  3.05726E+08
  3346.16819  3.05540E+08
  3346.72639  3.05355E+08
  3347.28477  3.05169E+08
  3347.84296  3.04984E+08
  3348.40134  3.04804E+08
  3348.95990  3.04619E+08
  3349.51865  3.04434E+08
  3350.07722  3.04249E+08
  3350.63597  3.04069E+08
  3351.19490  3.03885E+08
  3351.75403  3.03700E+08
  3352.31296  3.03516E+08
  3352.87246  3.03336E+08
  3353.43176  3.03152E+08
  3353.99088  3.02967E+08
  3354.55056  3.02783E+08
  3355.11005  3.02604E+08
  3355.66973  3.02420E+08
  3356.22922  3.02236E+08
  3356.78927  3.02052E+08
  3357.34914  3.01874E+08
  3357.90919  3.01690E+08
  3358.46942  3.01506E+08
  3359.02947  3.01328E+08
  3359.58970  3.01145E+08
  3360.15013  3.00961E+08
  3360.71073  3.00783E+08
  3361.27115  3.00600E+08
  3361.83176  3.00417E+08
  3362.39255  3.00234E+08
  3362.95353  3.00056E+08
  3363.51432  2.99873E+08
  3364.07567  2.99691E+08
  3364.63683  2.99513E+08
  3365.19781  2.99331E+08
  3365.75934  2.99148E+08
  3366.32069  2.98971E+08
  3366.88223  2.98789E+08
  3367.44395  2.98611E+08
  3368.00548  2.98429E+08
  3368.56720  2.98247E+08
  3369.12910  2.98070E+08
  3369.69119  2.97889E+08
  3370.25310  2.97707E+08
  3370.81556  2.97530E+08
  3371.37784  2.97349E+08
  3371.93993  2.97167E+08
  3372.50258  2.96991E+08
  3373.06504  2.96809E+08
  3373.62769  2.96633E+08
  3374.19052  2.96452E+08
  3374.75317  2.96271E+08
  3375.31638  2.96095E+08
  3375.87940  2.95914E+08
  3376.44222  2.95738E+08
  3377.00562  2.95558E+08
  3377.56882  2.95377E+08
  3378.13221  2.95202E+08
  3378.69579  2.95021E+08
  3379.25917  2.94846E+08
  3379.82313  2.94665E+08
  3380.38689  2.94490E+08
  3380.95046  2.94310E+08
  3381.51459  2.94130E+08
  3382.07854  2.93955E+08
  3382.64267  2.93775E+08
  3383.20699  2.93601E+08
  3383.77150  2.93421E+08
  3384.33582  2.93246E+08
  3384.90032  2.93067E+08
  3385.46501  2.92892E+08
  3386.02951  2.92713E+08
  3386.59458  2.92539E+08
  3387.15945  2.92360E+08
  3387.72413  2.92185E+08
  3388.28938  2.92007E+08
  3388.85444  2.91833E+08
  3389.41969  2.91654E+08
  3389.98512  2.91480E+08
  3390.55074  2.91301E+08
  3391.11617  2.91128E+08
  3391.68179  2.90949E+08
  3392.24759  2.90776E+08
  3392.81359  2.90598E+08
  3393.37939  2.90424E+08
  3393.94537  2.90246E+08
  3394.51155  2.90073E+08
  3395.07792  2.89895E+08
  3395.64409  2.89722E+08
  3396.21044  2.89544E+08
  3396.77699  2.89372E+08
  3397.34373  2.89194E+08
  3397.91027  2.89021E+08
  3398.47700  2.88844E+08
  3399.04392  2.88671E+08
  3399.61102  2.88499E+08
  3400.17794  2.88322E+08
  3400.74504  2.88150E+08
  3401.31233  2.87973E+08
  3401.87981  2.87801E+08
  3402.44747  2.87624E+08
  3403.01495  2.87452E+08
  3403.58261  2.87280E+08
  3404.15007  2.87104E+08
  3404.71811  2.86932E+08
  3405.28595  2.86756E+08
  3405.85398  2.86584E+08
  3406.42221  2.86408E+08
  3406.99023  2.86237E+08
  3407.55844  2.86065E+08
  3408.12685  2.85889E+08
  3408.69544  2.85718E+08
  3409.26422  2.85547E+08
  3409.83280  2.85372E+08
  3410.40158  2.85201E+08
  3410.97054  2.85025E+08
  3411.53931  2.84855E+08
  3412.10826  2.84684E+08
  3412.67741  2.84509E+08
  3413.24674  2.84338E+08
  3413.81627  2.84168E+08
  3414.38559  2.83993E+08
  3414.95511  2.83823E+08
  3415.52481  2.83653E+08
  3416.09432  2.83478E+08
  3416.66441  2.83308E+08
  3417.23429  2.83138E+08
  3417.80437  2.82964E+08
  3418.37425  2.82794E+08
  3418.94471  2.82624E+08
  3419.51496  2.82450E+08
  3420.08541  2.82281E+08
  3420.65566  2.82111E+08
  3421.22649  2.81937E+08
  3421.79712  2.81768E+08
  3422.36794  2.81599E+08
  3422.93856  2.81430E+08
  3423.50976  2.81256E+08
  3424.08075  2.81087E+08
  3424.65194  2.80919E+08
  3425.22293  2.80750E+08
  3425.79451  2.80581E+08
  3426.36588  2.80408E+08
  3426.93744  2.80240E+08
  3427.50919  2.80071E+08
  3428.08074  2.79903E+08
  3428.65248  2.79735E+08
  3429.22441  2.79562E+08
  3429.79653  2.79394E+08
  3430.36846  2.79226E+08
  3430.94096  2.79058E+08
  3431.51326  2.78890E+08
  3432.08536  2.78723E+08
  3432.65805  2.78550E+08
  3433.23053  2.78383E+08
  3433.80320  2.78215E+08
  3434.37607  2.78048E+08
  3434.94873  2.77880E+08
  3435.52198  2.77713E+08
  3436.09502  2.77541E+08
  3436.66786  2.77374E+08
  3437.24129  2.77207E+08
  3437.81452  2.77040E+08
  3438.38793  2.76873E+08
  3438.96154  2.76707E+08
  3439.53533  2.76540E+08
  3440.10893  2.76373E+08
  3440.68272  2.76207E+08
  3441.25669  2.76040E+08
  3441.83086  2.75874E+08
  3442.40483  2.75708E+08
  3442.97898  2.75542E+08
  3443.55333  2.75376E+08
  3444.12787  2.75209E+08
  3444.70221  2.75044E+08
  3445.27674  2.74878E+08
  3445.85145  2.74712E+08
  3446.42637  2.74546E+08
  3447.00107  2.74381E+08
  3447.57637  2.74220E+08
  3448.15146  2.74054E+08
  3448.72634  2.73889E+08
  3449.30182  2.73728E+08
  3449.87708  2.73563E+08
  3450.45255  2.73398E+08
  3451.02820  2.73237E+08
  3451.60365  2.73077E+08
  3452.17929  2.72912E+08
  3452.75551  2.72752E+08
  3453.33114  2.72587E+08
  3453.90736  2.72427E+08
  3454.48337  2.72267E+08
  3455.05957  2.72107E+08
  3455.63596  2.71947E+08
  3456.21255  2.71787E+08
  3456.78893  2.71623E+08
  3457.36550  2.71468E+08
  3457.94227  2.71308E+08
  3458.51883  2.71149E+08
  3459.09598  2.70989E+08
  3459.67292  2.70830E+08
  3460.25006  2.70671E+08
  3460.82698  2.70516E+08
  3461.40451  2.70357E+08
  3461.98182  2.70198E+08
  3462.55933  2.70044E+08
  3463.13703  2.69885E+08
  3463.71452  2.69731E+08
  3464.29220  2.69572E+08
  3464.87008  2.69418E+08
  3465.44815  2.69264E+08
  3466.02601  2.69106E+08
  3466.60447  2.68952E+08
  3467.18272  2.68798E+08
  3467.76076  2.68644E+08
  3468.33939  2.68486E+08
  3468.91782  2.68333E+08
  3469.49643  2.68179E+08
  3470.07525  2.68026E+08
  3470.65425  2.67872E+08
  3471.23305  2.67715E+08
  3471.81204  2.67561E+08
  3472.39122  2.67408E+08
  3472.97019  2.67255E+08
  3473.54976  2.67102E+08
  3474.12912  2.66949E+08
  3474.70867  2.66797E+08
  3475.28802  2.66639E+08
  3475.86796  2.66487E+08
  3476.44769  2.66334E+08
  3477.02761  2.66181E+08
  3477.60773  2.66029E+08
  3478.18763  2.65877E+08
  3478.76773  2.65720E+08
  3479.34803  2.65568E+08
  3479.92851  2.65415E+08
  3480.50879  2.65263E+08
  3481.08967  2.65107E+08
  3481.67033  2.64955E+08
  3482.25079  2.64803E+08
  3482.83184  2.64647E+08
  3483.41268  2.64495E+08
  3483.99371  2.64343E+08
  3484.57494  2.64187E+08
  3485.15596  2.64036E+08
  3485.73758  2.63880E+08
  3486.31898  2.63728E+08
  3486.90058  2.63572E+08
  3487.48197  2.63421E+08
  3488.06396  2.63266E+08
  3488.64573  2.63110E+08
  3489.22770  2.62959E+08
  3489.80946  2.62803E+08
  3490.39182  2.62648E+08
  3490.97396  2.62497E+08
  3491.55630  2.62342E+08
  3492.13884  2.62187E+08
  3492.72116  2.62032E+08
  3493.30368  2.61881E+08
  3493.88639  2.61726E+08
  3494.46929  2.61572E+08
  3495.05199  2.61417E+08
  3495.63528  2.61262E+08
  3496.21836  2.61107E+08
  3496.80123  2.60953E+08
  3497.38470  2.60798E+08
  3497.96796  2.60644E+08
  3498.55141  2.60490E+08
  3499.13505  2.60335E+08
  3499.71889  2.60181E+08
  3500.30252  2.60027E+08
  3500.88634  2.59873E+08
  3501.47036  2.59719E+08
  3502.05457  2.59565E+08
  3502.63857  2.59407E+08
  3503.22276  2.59253E+08
  3503.80714  2.59099E+08
  3504.39173  2.58946E+08
  3504.97609  2.58792E+08
  3505.56106  2.58634E+08
  3506.14582  2.58481E+08
  3506.73036  2.58328E+08
  3507.31551  2.58174E+08
  3507.90044  2.58017E+08
  3508.48557  2.57864E+08
  3509.07089  2.57711E+08
  3509.65600  2.57553E+08
  3510.24171  2.57400E+08
  3510.82721  2.57248E+08
  3511.41290  2.57090E+08
  3511.99838  2.56938E+08
  3512.58446  2.56785E+08
  3513.17033  2.56628E+08
  3513.75639  2.56476E+08
  3514.34224  2.56324E+08
  3514.92869  2.56167E+08
  3515.51493  2.56015E+08
  3516.10136  2.55858E+08
  3516.68758  2.55706E+08
  3517.27440  2.55550E+08
  3517.86101  2.55398E+08
  3518.44781  2.55246E+08
  3519.03481  2.55090E+08
  3519.62159  2.54938E+08
  3520.20898  2.54782E+08
  3520.79616  2.54630E+08
  3521.38311  2.54474E+08
  3521.97068  2.54323E+08
  3522.55802  2.54167E+08
  3523.14557  2.54016E+08
  3523.73331  2.53861E+08
  3524.32124  2.53709E+08
  3524.90896  2.53554E+08
  3525.49687  2.53403E+08
  3526.08498  2.53252E+08
  3526.67329  2.53097E+08
  3527.26137  2.52946E+08
  3527.85007  2.52791E+08
  3528.43855  2.52640E+08
  3529.02681  2.52486E+08
  3529.61568  2.52335E+08
  3530.20433  2.52180E+08
  3530.79318  2.52030E+08
  3531.38223  2.51875E+08
  3531.97105  2.51725E+08
  3532.56049  2.51571E+08
  3533.14971  2.51421E+08
  3533.73913  2.51266E+08
  3534.32832  2.51117E+08
  3534.91813  2.50962E+08
  3535.50772  2.50813E+08
  3536.09751  2.50659E+08
  3536.68707  2.50509E+08
  3537.27725  2.50355E+08
  3537.86721  2.50201E+08
  3538.45737  2.50052E+08
  3539.04772  2.49903E+08
  3539.63785  2.49749E+08
  3540.22818  2.49600E+08
  3540.81870  2.49447E+08
  3541.40942  2.49298E+08
  3542.00034  2.49144E+08
  3542.59104  2.48996E+08
  3543.18194  2.48842E+08
  3543.77303  2.48694E+08
  3544.36390  2.48541E+08
  3544.95539  2.48392E+08
  3545.54665  2.48239E+08
  3546.13811  2.48091E+08
  3546.72935  2.47938E+08
  3547.32121  2.47790E+08
  3547.91284  2.47637E+08
  3548.50467  2.47489E+08
  3549.09670  2.47337E+08
  3549.68851  2.47189E+08
  3550.28051  2.47037E+08
  3550.87271  2.46889E+08
  3551.46511  2.46737E+08
  3552.05771  2.46589E+08
  3552.65008  2.46437E+08
  3553.24265  2.46289E+08
  3553.83542  2.46138E+08
  3554.42839  2.45990E+08
  3555.02113  2.45838E+08
  3555.61407  2.45691E+08
  3556.20721  2.45544E+08
  3556.80055  2.45393E+08
  3557.39366  2.45246E+08
  3557.98697  2.45094E+08
  3558.58048  2.44947E+08
  3559.17418  2.44796E+08
  3559.76766  2.44649E+08
  3560.36176  2.44498E+08
  3560.95564  2.44352E+08
  3561.54929  2.44205E+08
  3562.14357  2.44054E+08
  3562.73762  2.43908E+08
  3563.33186  2.43757E+08
  3563.92631  2.43611E+08
  3564.52095  2.43461E+08
  3565.11537  2.43314E+08
  3565.70999  2.43168E+08
  3566.30480  2.43018E+08
  3566.89981  2.42872E+08
  3567.49460  2.42722E+08
  3568.09001  2.42576E+08
  3568.68519  2.42431E+08
  3569.28015  2.42281E+08
  3569.87573  2.42135E+08
  3570.47109  2.41985E+08
  3571.06664  2.41840E+08
  3571.66239  2.41695E+08
  3572.25834  2.41545E+08
  3572.85407  2.41400E+08
  3573.44999  2.41255E+08
  3574.04611  2.41105E+08
  3574.64243  2.40960E+08
  3575.23852  2.40811E+08
  3575.83482  2.40666E+08
  3576.43131  2.40522E+08
  3577.02800  2.40372E+08
  3577.62446  2.40228E+08
  3578.22155  2.40083E+08
  3578.81841  2.39934E+08
  3579.41504  2.39790E+08
  3580.01230  2.39646E+08
  3580.60933  2.39497E+08
  3581.20656  2.39353E+08
  3581.80398  2.39209E+08
  3582.40161  2.39060E+08
  3582.99901  2.38916E+08
  3583.59661  2.38773E+08
  3584.19441  2.38624E+08
  3584.79240  2.38481E+08
  3585.39017  2.38337E+08
  3585.98857  2.38189E+08
  3586.58673  2.38045E+08
  3587.18467  2.37902E+08
  3587.78324  2.37754E+08
  3588.38157  2.37611E+08
  3588.98011  2.37467E+08
  3589.57884  2.37320E+08
  3590.17778  2.37177E+08
  3590.77648  2.37034E+08
  3591.37539  2.36891E+08
  3591.97449  2.36743E+08
  3592.57380  2.36601E+08
  3593.17287  2.36458E+08
  3593.77214  2.36311E+08
  3594.37162  2.36168E+08
  3594.97129  2.36025E+08
  3595.57117  2.35883E+08
  3596.17081  2.35736E+08
  3596.77065  2.35594E+08
  3597.37069  2.35451E+08
  3597.97050  2.35309E+08
  3598.57095  2.35163E+08
  3599.17116  2.35021E+08
  3599.77157  2.34879E+08
  3600.37175  2.34737E+08
  3600.97256  2.34590E+08
  3601.57314  2.34449E+08
  3602.17392  2.34307E+08
  3602.77490  2.34165E+08
  3603.37565  2.34019E+08
  3603.97660  2.33878E+08
  3604.57775  2.33736E+08
  3605.17910  2.33595E+08
  3605.78065  2.33453E+08
  3606.38197  2.33308E+08
  3606.98349  2.33167E+08
  3607.58520  2.33025E+08
  3608.18712  2.32884E+08
  3608.78881  2.32743E+08
  3609.39070  2.32598E+08
  3609.99278  2.32457E+08
  3610.59507  2.32316E+08
  3611.19713  2.32176E+08
  3611.79982  2.32035E+08
  3612.40227  2.31894E+08
  3613.00493  2.31750E+08
  3613.60735  2.31609E+08
  3614.20998  2.31469E+08
  3614.81324  2.31328E+08
  3615.41583  2.31188E+08
  3616.01905  2.31044E+08
  3616.62205  2.30903E+08
  3617.22567  2.30763E+08
  3617.82907  2.30623E+08
  3618.43223  2.30483E+08
  3619.03603  2.30344E+08
  3619.63959  2.30204E+08
  3620.24335  2.30060E+08
  3620.84731  2.29920E+08
  3621.45104  2.29781E+08
  3622.05541  2.29641E+08
  3622.65954  2.29502E+08
  3623.26387  2.29362E+08
  3623.86797  2.29223E+08
  3624.47271  2.29084E+08
  3625.07721  2.28940E+08
  3625.68191  2.28801E+08
  3626.28681  2.28662E+08
  3626.89148  2.28523E+08
  3627.49634  2.28384E+08
  3628.10141  2.28245E+08
  3628.70669  2.28107E+08
  3629.31216  2.27968E+08
  3629.91740  2.27829E+08
  3630.52283  2.27691E+08
  3631.12847  2.27548E+08
  3631.73431  2.27409E+08
  3632.33992  2.27271E+08
  3632.94617  2.27133E+08
  3633.55173  2.26995E+08
  3634.15794  2.26856E+08
  3634.76436  2.26718E+08
  3635.37053  2.26580E+08
  3635.97691  2.26442E+08
  3636.58349  2.26304E+08
  3637.18983  2.26166E+08
  3637.79681  2.26029E+08
  3638.40355  2.25887E+08
  3639.01050  2.25749E+08
  3639.61765  2.25612E+08
  3640.22456  2.25474E+08
  3640.83167  2.25337E+08
  3641.43899  2.25199E+08
  3642.04651  2.25062E+08
  3642.65423  2.24925E+08
  3643.26171  2.24787E+08
  3643.86939  2.24650E+08
  3644.47727  2.24513E+08
  3645.08492  2.24376E+08
  3645.69321  2.24239E+08
  3646.30126  2.24103E+08
  3646.90952  2.23974E+08
  3647.51797  2.23846E+08
  3648.12619  2.23717E+08
  3648.73461  2.23589E+08
  3649.34323  2.23461E+08
  3649.95206  2.23332E+08
  3650.56108  2.23204E+08
  3651.16987  2.23076E+08
  3651.77886  2.22948E+08
  3652.38805  2.22816E+08
  3652.99745  2.22688E+08
  3653.60660  2.22560E+08
  3654.21596  2.22433E+08
  3654.82552  2.22305E+08
  3655.43528  2.22177E+08
  3656.04481  2.22050E+08
  3656.65498  2.21918E+08
  3657.26491  2.21790E+08
  3657.87504  2.21663E+08
  3658.48493  2.21536E+08
  3659.09502  2.21408E+08
  3659.70576  2.21277E+08
  3660.31626  2.21150E+08
  3660.92652  2.21023E+08
  3661.53743  2.20896E+08
  3662.14809  2.20769E+08
  3662.75896  2.20642E+08
  3663.37003  2.20515E+08
  3663.98086  2.20388E+08
  3664.59189  2.20261E+08
  3665.20357  2.20135E+08
  3665.81456  2.20008E+08
  3666.42620  2.19886E+08
  3667.03760  2.19759E+08
  3667.64965  2.19637E+08
  3668.26146  2.19510E+08
  3668.87302  2.19388E+08
  3669.48524  2.19266E+08
  3670.09721  2.19148E+08
  3670.70938  2.19026E+08
  3671.32176  2.18904E+08
  3671.93434  2.18786E+08
  3672.54668  2.18672E+08
  3673.15922  2.18558E+08
  3673.77196  2.18441E+08
  3674.38491  2.18327E+08
  3674.99762  2.18218E+08
  3675.61053  2.18108E+08
  3676.22364  2.17999E+08
  3676.83696  2.17894E+08
  3677.45048  2.17792E+08
  3678.06376  2.17691E+08
  3678.67724  2.17590E+08
  3679.29092  2.17493E+08
  3679.90481  2.17404E+08
  3680.51845  2.17312E+08
  3681.13230  2.17219E+08
  3681.74635  2.17138E+08
  3682.36061  2.17058E+08
  3682.97462  2.16981E+08
  3683.58929  2.16905E+08
  3684.20371  2.16824E+08
  3684.81788  2.16748E+08
  3685.43271  2.16684E+08
  3686.04729  2.16624E+08
  3686.66253  2.16560E+08
  3687.27752  2.16495E+08
  3687.89226  2.16448E+08
  3688.50767  2.16400E+08
  3689.12282  2.16352E+08
  3689.73818  2.16304E+08
  3690.35374  2.16272E+08
  3690.96906  2.16240E+08
  3691.58503  2.16208E+08
  3692.20076  2.16173E+08
  3692.81669  2.16141E+08
  3693.43237  2.16121E+08
  3694.04871  2.16106E+08
  3694.66480  2.16094E+08
  3695.28110  2.16082E+08
  3695.89761  2.16071E+08
  3696.51386  2.16055E+08
  3697.13077  2.16059E+08
  3697.74744  2.16064E+08
  3698.36385  2.16068E+08
  3698.98093  2.16076E+08
  3699.59776  2.16081E+08
  3700.21524  2.16093E+08
  3700.83248  2.16113E+08
  3701.44947  2.16133E+08
  3702.06712  2.16154E+08
  3702.68452  2.16174E+08
  3703.30212  2.16198E+08
  3703.91993  2.16230E+08
  3704.53795  2.16258E+08
  3705.15571  2.16290E+08
  3705.77368  2.16322E+08
  3706.39186  2.16354E+08
  3707.01024  2.16394E+08
  3707.62837  2.16434E+08
  3708.24717  2.16474E+08
  3708.86571  2.16513E+08
  3709.48400  2.16553E+08
  3710.10296  2.16597E+08
  3710.72166  2.16640E+08
  3711.34057  2.16688E+08
  3711.95969  2.16732E+08
  3712.57901  2.16779E+08
  3713.19808  2.16822E+08
  3713.81782  2.16870E+08
  3714.43730  2.16913E+08
  3715.05653  2.16960E+08
  3715.67642  2.17007E+08
  3716.29607  2.17054E+08
  3716.91592  2.17097E+08
  3717.53597  2.17144E+08
  3718.15623  2.17187E+08
  3718.77624  2.17234E+08
  3719.39692  2.17277E+08
  3720.01734  2.17320E+08
  3720.63751  2.17363E+08
  3721.25835  2.17401E+08
  3721.87893  2.17444E+08
  3722.49972  2.17483E+08
  3723.12071  2.17521E+08
  3723.74191  2.17556E+08
  3724.36286  2.17590E+08
  3724.98402  2.17625E+08
  3725.60538  2.17659E+08
  3726.22695  2.17689E+08
  3726.84872  2.17716E+08
  3727.47024  2.17742E+08
  3728.09197  2.17769E+08
  3728.71391  2.17799E+08
  3729.33605  2.17825E+08
  3729.95794  2.17839E+08
  3730.58003  2.17858E+08
  3731.20233  2.17876E+08
  3731.82484  2.17894E+08
  3732.44709  2.17912E+08
  3733.07002  2.17922E+08
  3733.69268  2.17928E+08
  3734.31556  2.17939E+08
  3734.93818  2.17949E+08
  3735.56147  2.17955E+08
  3736.18450  2.17957E+08
  3736.80774  2.17955E+08
  3737.43072  2.17953E+08
  3738.05438  2.17952E+08
  3738.67778  2.17954E+08
  3739.30139  2.17944E+08
  3739.92520  2.17934E+08
  3740.54922  2.17924E+08
  3741.17299  2.17911E+08
  3741.79696  2.17901E+08
  3742.42114  2.17887E+08
  3743.04553  2.17865E+08
  3743.66966  2.17844E+08
  3744.29446  2.17826E+08
  3744.91901  2.17804E+08
  3745.54377  2.17783E+08
  3746.16826  2.17753E+08
  3746.79343  2.17724E+08
  3747.41834  2.17694E+08
  3748.04346  2.17664E+08
  3748.66832  2.17635E+08
  3749.29386  2.17598E+08
  3749.91914  2.17560E+08
  3750.54462  2.17523E+08
  3751.17032  2.17482E+08
  3751.79622  2.17444E+08
  3752.42186  2.17403E+08
  3753.04771  2.17358E+08
  3753.67377  2.17309E+08
  3754.30004  2.17263E+08
  3754.92605  2.17214E+08
  3755.55274  2.17169E+08
  3756.17916  2.17116E+08
  3756.80533  2.17063E+08
  3757.43217  2.17007E+08
  3758.05875  2.16954E+08
  3758.68601  2.16897E+08
  3759.31254  2.16844E+08
  3759.93975  2.16783E+08
  3760.56717  2.16719E+08
  3761.19432  2.16658E+08
  3761.82169  2.16598E+08
  3762.44926  2.16537E+08
  3763.07657  2.16469E+08
  3763.70456  2.16404E+08
  3764.33229  2.16336E+08
  3764.96023  2.16268E+08
  3765.58838  2.16199E+08
  3766.21627  2.16131E+08
  3766.84436  2.16059E+08
  3767.47314  2.15987E+08
  3768.10118  2.15911E+08
  3768.72990  2.15839E+08
  3769.35836  2.15767E+08
  3769.98750  2.15691E+08
  3770.61591  2.15612E+08
  3771.24500  2.15536E+08
  3771.87430  2.15456E+08
  3772.50333  2.15377E+08
  3773.13257  2.15301E+08
  3773.76203  2.15218E+08
  3774.39169  2.15134E+08
  3775.02109  2.15051E+08
  3775.65070  2.14971E+08
  3776.28051  2.14888E+08
  3776.91054  2.14801E+08
  3777.54030  2.14714E+08
  3778.17075  2.14631E+08
  3778.80094  2.14544E+08
  3779.43133  2.14457E+08
  3780.06146  2.14370E+08
  3780.69227  2.14279E+08
  3781.32282  2.14188E+08
  3781.95358  2.14102E+08
  3782.58454  2.14011E+08
  3783.21525  2.13920E+08
  3783.84616  2.13830E+08
  3784.47776  2.13735E+08
  3785.10861  2.13641E+08
  3785.74016  2.13551E+08
  3786.37143  2.13456E+08
  3787.00340  2.13362E+08
  3787.63509  2.13268E+08
  3788.26652  2.13170E+08
  3788.89864  2.13076E+08
  3789.53049  2.12978E+08
  3790.16255  2.12884E+08
  3790.79483  2.12786E+08
  3791.42731  2.12689E+08
  3792.05953  2.12587E+08
  3792.69243  2.12489E+08
  3793.32507  2.12392E+08
  3793.95792  2.12294E+08
  3794.59049  2.12193E+08
  3795.22328  2.12092E+08
  3795.85677  2.11990E+08
  3796.48998  2.11889E+08
  3797.12292  2.11788E+08
  3797.75655  2.11687E+08
  3798.38992  2.11586E+08
  3799.02350  2.11481E+08
  3799.65728  2.11380E+08
  3800.29080  2.11275E+08
  3800.92501  2.11174E+08
  3801.55895  2.11069E+08
  3802.19310  2.10965E+08
  3802.82747  2.10860E+08
  3803.46156  2.10755E+08
  3804.09586  2.10651E+08
  3804.73038  2.10547E+08
  3805.36510  2.10438E+08
  3806.00004  2.10334E+08
  3806.63471  2.10226E+08
  3807.26959  2.10122E+08
  3807.90468  2.10014E+08
  3808.53998  2.09906E+08
  3809.17550  2.09798E+08
  3809.81074  2.09690E+08
  3810.44620  2.09582E+08
  3811.08186  2.09474E+08
  3811.71774  2.09366E+08
  3812.35335  2.09259E+08
  3812.98917  2.09151E+08
  3813.62520  2.09040E+08
  3814.26144  2.08932E+08
  3814.89789  2.08821E+08
  3815.53407  2.08714E+08
  3816.17047  2.08602E+08
  3816.80707  2.08491E+08
  3817.44389  2.08380E+08
  3818.08044  2.08273E+08
  3818.71720  2.08162E+08
  3819.35416  2.08051E+08
  3819.99135  2.07940E+08
  3820.62874  2.07830E+08
  3821.26586  2.07715E+08
  3821.90319  2.07604E+08
  3822.54074  2.07494E+08
  3823.17850  2.07383E+08
  3823.81647  2.07269E+08
  3824.45417  2.07158E+08
  3825.09207  2.07044E+08
  3825.73020  2.06934E+08
  3826.36804  2.06820E+08
  3827.00659  2.06709E+08
  3827.64486  2.06595E+08
  3828.28335  2.06481E+08
  3828.92204  2.06367E+08
  3829.56047  2.06254E+08
  3830.19959  2.06144E+08
  3830.83844  2.06030E+08
  3831.47750  2.05916E+08
  3832.11628  2.05799E+08
  3832.75577  2.05685E+08
  3833.39498  2.05572E+08
  3834.03440  2.05458E+08
  3834.67404  2.05345E+08
  3835.31340  2.05231E+08
  3835.95347  2.05114E+08
  3836.59325  2.05001E+08
  3837.23325  2.04888E+08
  3837.87347  2.04775E+08
  3838.51340  2.04658E+08
  3839.15355  2.04545E+08
  3839.79391  2.04428E+08
  3840.43449  2.04312E+08
  3841.07528  2.04199E+08
  3841.71579  2.04082E+08
  3842.35652  2.03969E+08
  3842.99746  2.03853E+08
  3843.63861  2.03736E+08
  3844.27998  2.03624E+08
  3844.92107  2.03508E+08
  3845.56237  2.03391E+08
  3846.20388  2.03275E+08
  3846.84561  2.03159E+08
  3847.48706  2.03043E+08
  3848.12873  2.02931E+08
  3848.77061  2.02815E+08
  3849.41270  2.02699E+08
  3850.05501  2.02583E+08
  3850.69703  2.02467E+08
  3851.33927  2.02351E+08
  3851.98173  2.02236E+08
  3852.62440  2.02120E+08
  3853.26728  2.02001E+08
  3853.90988  2.01885E+08
  3854.55270  2.01770E+08
  3855.19573  2.01654E+08
  3855.83848  2.01539E+08
  3856.48194  2.01424E+08
  3857.12512  2.01305E+08
  3857.76851  2.01190E+08
  3858.41212  2.01075E+08
  3859.05545  2.00956E+08
  3859.69949  2.00841E+08
  3860.34324  2.00726E+08
  3860.98721  2.00607E+08
  3861.63090  2.00492E+08
  3862.27530  2.00378E+08
  3862.91942  2.00259E+08
  3863.56375  2.00144E+08
  3864.20830  2.00026E+08
  3864.85306  1.99911E+08
  3865.49754  1.99793E+08
  3866.14223  1.99679E+08
  3866.78714  1.99561E+08
  3867.43227  1.99446E+08
  3868.07761  1.99328E+08
  3868.72266  1.99214E+08
  3869.36794  1.99096E+08
  3870.01342  1.98982E+08
  3870.65912  1.98864E+08
  3871.30454  1.98747E+08
  3871.95017  1.98633E+08
  3872.59602  1.98515E+08
  3873.24208  1.98397E+08
  3873.88836  1.98284E+08
  3874.53436  1.98166E+08
  3875.18057  1.98049E+08
  3875.82699  1.97935E+08
  3876.47363  1.97818E+08
  3877.12049  1.97701E+08
  3877.76706  1.97584E+08
  3878.41385  1.97470E+08
  3879.06085  1.97353E+08
  3879.70807  1.97236E+08
  3880.35500  1.97119E+08
  3881.00215  1.97002E+08
  3881.64951  1.96889E+08
  3882.29709  1.96772E+08
  3882.94488  1.96656E+08
  3883.59239  1.96539E+08
  3884.24012  1.96422E+08
  3884.88806  1.96306E+08
  3885.53621  1.96193E+08
  3886.18408  1.96077E+08
  3886.83267  1.95960E+08
  3887.48098  1.95844E+08
  3888.12949  1.95728E+08
  3888.77772  1.95612E+08
  3889.42667  1.95495E+08
  3890.07534  1.95379E+08
  3890.72422  1.95263E+08
  3891.37331  1.95147E+08
  3892.02212  1.95031E+08
  3892.67165  1.94919E+08
  3893.32089  1.94803E+08
  3893.97034  1.94688E+08
  3894.62002  1.94572E+08
  3895.26940  1.94456E+08
  3895.91900  1.94341E+08
  3896.56933  1.94225E+08
  3897.21885  1.94110E+08
  3897.86910  1.93994E+08
  3898.51957  1.93879E+08
  3899.16975  1.93763E+08
  3899.82014  1.93648E+08
  3900.47076  1.93533E+08
  3901.12108  1.93418E+08
  3901.77212  1.93303E+08
  3902.42288  1.93188E+08
  3903.07385  1.93073E+08
  3903.72453  1.92958E+08
  3904.37594  1.92839E+08
  3905.02705  1.92725E+08
  3905.67839  1.92610E+08
  3906.32994  1.92495E+08
  3906.98170  1.92380E+08
  3907.63318  1.92266E+08
  3908.28538  1.92151E+08
  3908.93729  1.92037E+08
  3909.58891  1.91922E+08
  3910.24125  1.91808E+08
  3910.89331  1.91694E+08
  3911.54609  1.91579E+08
  3912.19858  1.91465E+08
  3912.85077  1.91351E+08
  3913.50369  1.91233E+08
  3914.15633  1.91119E+08
  3914.80917  1.91005E+08
  3915.46224  1.90891E+08
  3916.11552  1.90777E+08
  3916.76851  1.90664E+08
  3917.42223  1.90550E+08
  3918.07566  1.90436E+08
  3918.72930  1.90322E+08
  3919.38265  1.90205E+08
  3920.03673  1.90092E+08
  3920.69052  1.89978E+08
  3921.34452  1.89865E+08
  3921.99823  1.89751E+08
  3922.65267  1.89638E+08
  3923.30681  1.89525E+08
  3923.96169  1.89412E+08
  3924.61576  1.89295E+08
  3925.27056  1.89182E+08
  3925.92558  1.89069E+08
  3926.58030  1.88956E+08
  3927.23524  1.88843E+08
  3927.89040  1.88730E+08
  3928.54578  1.88617E+08
  3929.20086  1.88504E+08
  3929.85616  1.88388E+08
  3930.51168  1.88275E+08
  3931.16742  1.88163E+08
  3931.82338  1.88050E+08
  3932.47904  1.87938E+08
  3933.13491  1.87825E+08
  3933.79101  1.87713E+08
  3934.44733  1.87597E+08
  3935.10335  1.87484E+08
  3935.76010  1.87372E+08
  3936.41656  1.87260E+08
  3937.07323  1.87148E+08
  3937.72961  1.87036E+08
  3938.38672  1.86920E+08
  3939.04354  1.86808E+08
  3939.70057  1.86696E+08
  3940.35783  1.86584E+08
  3941.01530  1.86473E+08
  3941.67247  1.86361E+08
  3942.32987  1.86249E+08
  3942.98748  1.86134E+08
  3943.64531  1.86022E+08
  3944.30285  1.85911E+08
  3944.96112  1.85799E+08
  3945.61909  1.85688E+08
  3946.27728  1.85577E+08
  3946.93569  1.85465E+08
  3947.59380  1.85350E+08
  3948.25213  1.85239E+08
  3948.91068  1.85128E+08
  3949.56945  1.85017E+08
  3950.22844  1.84906E+08
  3950.88713  1.84795E+08
  3951.54656  1.84684E+08
  3952.20569  1.84570E+08
  3952.86503  1.84459E+08
  3953.52408  1.84348E+08
  3954.18387  1.84237E+08
  3954.84335  1.84126E+08
  3955.50306  1.84016E+08
  3956.16247  1.83905E+08
  3956.82261  1.83791E+08
  3957.48246  1.83681E+08
  3958.14252  1.83570E+08
  3958.80281  1.83460E+08
  3959.46331  1.83350E+08
  3960.12404  1.83239E+08
  3960.78446  1.83129E+08
  3961.44510  1.83016E+08
  3962.10597  1.82905E+08
  3962.76653  1.82795E+08
  3963.42783  1.82685E+08
  3964.08883  1.82576E+08
  3964.75006  1.82466E+08
  3965.41150  1.82356E+08
  3966.07316  1.82246E+08
  3966.73452  1.82136E+08
  3967.39610  1.82023E+08
  3968.05790  1.81914E+08
  3968.71992  1.81804E+08
  3969.38164  1.81694E+08
  3970.04410  1.81585E+08
  3970.70626  1.81476E+08
  3971.36864  1.81366E+08
  3972.03124  1.81257E+08
  3972.69353  1.81144E+08
  3973.35605  1.81035E+08
  3974.01878  1.80926E+08
  3974.68174  1.80817E+08
  3975.34492  1.80708E+08
  3976.00779  1.80599E+08
  3976.67141  1.80490E+08
  3977.33473  1.80381E+08
  3977.99827  1.80272E+08
  3978.66150  1.80163E+08
  3979.32548  1.80051E+08
  3979.98915  1.79942E+08
  3980.65304  1.79834E+08
  3981.31716  1.79725E+08
  3981.98097  1.79617E+08
  3982.64500  1.79508E+08
  3983.30978  1.79400E+08
  3983.97425  1.79292E+08
  3984.63841  1.79183E+08
  3985.30333  1.79075E+08
  3985.96794  1.78967E+08
  3986.63277  1.78859E+08
  3987.29782  1.78747E+08
  3987.96309  1.78639E+08
  3988.62806  1.78531E+08
  3989.29378  1.78423E+08
  3989.95919  1.78315E+08
  3990.62428  1.78208E+08
  3991.29014  1.78100E+08
  3991.95568  1.77992E+08
  3992.62198  1.77884E+08
  3993.28797  1.77777E+08
  3993.95418  1.77669E+08
  3994.62008  1.77562E+08
  3995.28673  1.77454E+08
  3995.95307  1.77347E+08
  3996.61964  1.77239E+08
  3997.28590  1.77132E+08
  3997.95291  1.77025E+08
  3998.61961  1.76918E+08
  3999.28653  1.76807E+08
  3999.95368  1.76700E+08
  4000.62105  1.76593E+08
  4001.28864  1.76486E+08
  4001.95592  1.76379E+08
  4002.62342  1.76272E+08
  4003.29114  1.76165E+08
  4003.95909  1.76058E+08
  4004.62672  1.75952E+08
  4005.29458  1.75845E+08
  4005.96266  1.75738E+08
  4006.63097  1.75632E+08
  4007.29949  1.75525E+08
  4007.96771  1.75419E+08
  4008.63615  1.75312E+08
  4009.30481  1.75206E+08
  4009.97369  1.75100E+08
  4010.64279  1.74993E+08
  4011.31159  1.74887E+08
  4011.98060  1.74781E+08
  4012.64984  1.74675E+08
  4013.31931  1.74569E+08
  4013.98899  1.74463E+08
  4014.65836  1.74357E+08
  4015.32796  1.74251E+08
  4015.99778  1.74145E+08
  4016.66782  1.74039E+08
  4017.33754  1.73933E+08
  4018.00803  1.73828E+08
  4018.67821  1.73722E+08
  4019.34861  1.73616E+08
  4020.01869  1.73511E+08
  4020.68953  1.73409E+08
  4021.36006  1.73303E+08
  4022.03082  1.73198E+08
  4022.70179  1.73093E+08
  4023.37299  1.72987E+08
  4024.04388  1.72882E+08
  4024.71499  1.72777E+08
  4025.38632  1.72672E+08
  4026.05787  1.72567E+08
  4026.72966  1.72462E+08
  4027.40112  1.72357E+08
  4028.07281  1.72252E+08
  4028.74472  1.72147E+08
  4029.41685  1.72042E+08
  4030.08921  1.71937E+08
  4030.76126  1.71832E+08
  4031.43352  1.71728E+08
  4032.10601  1.71626E+08
  4032.77873  1.71522E+08
  4033.45167  1.71417E+08
  4034.12429  1.71313E+08
  4034.79714  1.71208E+08
  4035.47021  1.71104E+08
  4036.14350  1.71000E+08
  4036.81648  1.70895E+08
  4037.49022  1.70791E+08
  4038.16365  1.70687E+08
  4038.83730  1.70586E+08
  4039.51063  1.70482E+08
  4040.18473  1.70378E+08
  4040.85851  1.70274E+08
  4041.53251  1.70170E+08
  4042.20674  1.70066E+08
  4042.88120  1.69962E+08
  4043.55533  1.69859E+08
  4044.22969  1.69755E+08
  4044.90427  1.69655E+08
  4045.57908  1.69551E+08
  4046.25411  1.69447E+08
  4046.92883  1.69344E+08
  4047.60377  1.69240E+08
  4048.27893  1.69137E+08
  4048.95432  1.69033E+08
  4049.62993  1.68933E+08
  4050.30522  1.68830E+08
  4050.98074  1.68727E+08
  4051.65648  1.68624E+08
  4052.33245  1.68521E+08
  4053.00865  1.68418E+08
  4053.68452  1.68318E+08
  4054.36061  1.68215E+08
  4055.03694  1.68112E+08
  4055.71348  1.68009E+08
  4056.38971  1.67906E+08
  4057.06671  1.67803E+08
  4057.74339  1.67704E+08
  4058.42029  1.67601E+08
  4059.09687  1.67499E+08
  4059.77422  1.67396E+08
  4060.45125  1.67294E+08
  4061.12850  1.67194E+08
  4061.80599  1.67092E+08
  4062.48369  1.66990E+08
  4063.16108  1.66887E+08
  4063.83924  1.66785E+08
  4064.51707  1.66686E+08
  4065.19513  1.66584E+08
  4065.87287  1.66482E+08
  4066.55138  1.66380E+08
  4067.22957  1.66281E+08
  4067.90799  1.66179E+08
  4068.58663  1.66077E+08
  4069.26550  1.65975E+08
  4069.94404  1.65873E+08
  4070.62280  1.65775E+08
  4071.30180  1.65673E+08
  4071.98102  1.65571E+08
  4072.66047  1.65470E+08
  4073.33959  1.65371E+08
  4074.01894  1.65270E+08
  4074.69851  1.65168E+08
  4075.37831  1.65067E+08
  4076.05834  1.64969E+08
  4076.73804  1.64867E+08
  4077.41796  1.64766E+08
  4078.09812  1.64665E+08
  4078.77850  1.64567E+08
  4079.45911  1.64466E+08
  4080.13939  1.64365E+08
  4080.81989  1.64267E+08
  4081.50063  1.64166E+08
  4082.18159  1.64065E+08
  4082.86222  1.63964E+08
  4083.54363  1.63866E+08
  4084.22472  1.63766E+08
  4084.90603  1.63665E+08
  4085.58702  1.63567E+08
  4086.26878  1.63467E+08
  4086.95022  1.63366E+08
  4087.63189  1.63269E+08
  4088.31378  1.63168E+08
  4088.99590  1.63068E+08
  4089.67769  1.62967E+08
  4090.36027  1.62870E+08
  4091.04251  1.62770E+08
  4091.72498  1.62670E+08
  4092.40713  1.62573E+08
  4093.09005  1.62473E+08
  4093.77265  1.62372E+08
  4094.45548  1.62276E+08
  4095.13853  1.62176E+08
  4095.82181  1.62079E+08
  4096.50476  1.61979E+08
  4097.18849  1.61879E+08
  4097.87190  1.61782E+08
  4098.55497  1.61683E+08
  4099.23883  1.61583E+08
  4099.92292  1.61486E+08
  4100.60668  1.61387E+08
  4101.29066  1.61287E+08
  4101.97487  1.61191E+08
  4102.65875  1.61091E+08
  4103.34342  1.60995E+08
  4104.02776  1.60896E+08
  4104.71232  1.60796E+08
  4105.39711  1.60700E+08
  4106.08157  1.60601E+08
  4106.76682  1.60502E+08
  4107.45174  1.60406E+08
  4108.13688  1.60307E+08
  4108.82225  1.60211E+08
  4109.50786  1.60112E+08
  4110.19312  1.60013E+08
  4110.87862  1.59917E+08
  4111.56434  1.59818E+08
  4112.25029  1.59723E+08
  4112.93591  1.59624E+08
  4113.62232  1.59529E+08
  4114.30840  1.59430E+08
  4114.99470  1.59331E+08
  4115.68123  1.59236E+08
  4116.36743  1.59137E+08
  4117.05442  1.59042E+08
  4117.74107  1.58944E+08
  4118.42796  1.58848E+08
  4119.11507  1.58750E+08
  4119.80185  1.58652E+08
  4120.48942  1.58557E+08
  4121.17665  1.58458E+08
  4121.86412  1.58364E+08
  4122.55124  1.58265E+08
  4123.23916  1.58171E+08
  4123.92675  1.58073E+08
  4124.61513  1.57978E+08
  4125.30261  1.57880E+08
  4125.99088  1.57785E+08
  4126.67938  1.57687E+08
  4127.36754  1.57593E+08
  4128.05594  1.57495E+08
  4128.74456  1.57401E+08
  4129.43341  1.57303E+08
  4130.12193  1.57209E+08
  4130.81124  1.57111E+08
  4131.50021  1.57017E+08
  4132.18942  1.56919E+08
  4132.87885  1.56825E+08
  4133.56795  1.56728E+08
  4134.25727  1.56634E+08
  4134.94739  1.56536E+08
  4135.63660  1.56442E+08
  4136.32662  1.56345E+08
  4137.01686  1.56251E+08
  4137.70676  1.56154E+08
  4138.39690  1.56060E+08
  4139.08726  1.55963E+08
  4139.77785  1.55869E+08
  4140.46811  1.55773E+08
  4141.15916  1.55679E+08
  4141.84987  1.55582E+08
  4142.54082  1.55488E+08
  4143.23142  1.55395E+08
  4143.92282  1.55298E+08
  4144.61389  1.55205E+08
  4145.30518  1.55108E+08
  4145.99670  1.55015E+08
  4146.68846  1.54918E+08
  4147.37987  1.54825E+08
  4148.07151  1.54732E+08
  4148.76396  1.54636E+08
  4149.45549  1.54543E+08
  4150.14782  1.54446E+08
  4150.84039  1.54353E+08
  4151.53261  1.54257E+08
  4152.22506  1.54164E+08
  4152.91774  1.54071E+08
  4153.61066  1.53975E+08
  4154.30323  1.53883E+08
  4154.99603  1.53787E+08
  4155.68906  1.53694E+08
  4156.38232  1.53601E+08
  4157.07582  1.53505E+08
  4157.76955  1.53413E+08
  4158.46293  1.53320E+08
  4159.15654  1.53225E+08
  4159.85038  1.53132E+08
  4160.54388  1.53037E+08
  4161.23819  1.52944E+08
  4161.93215  1.52852E+08
  4162.62634  1.52757E+08
  4163.32076  1.52665E+08
  4164.01542  1.52572E+08
  4164.70973  1.52477E+08
  4165.40485  1.52385E+08
  4166.09962  1.52293E+08
  4166.79462  1.52198E+08
  4167.48928  1.52106E+08
  4168.18475  1.52014E+08
  4168.87987  1.51919E+08
  4169.57522  1.51827E+08
  4170.27080  1.51735E+08
  4170.96662  1.51641E+08
  4171.66209  1.51549E+08
  4172.35779  1.51457E+08
  4173.05372  1.51363E+08
  4173.74988  1.51271E+08
  4174.44628  1.51180E+08
  4175.14232  1.51085E+08
  4175.83919  1.50994E+08
  4176.53570  1.50902E+08
  4177.23244  1.50808E+08
  4177.92884  1.50716E+08
  4178.62604  1.50625E+08
  4179.32290  1.50534E+08
  4180.02000  1.50440E+08
  4180.71732  1.50349E+08
  4181.41488  1.50258E+08
  4182.11208  1.50164E+08
  4182.81010  1.50073E+08
  4183.50778  1.49982E+08
  4184.20568  1.49891E+08
  4184.90323  1.49797E+08
  4185.60160  1.49706E+08
  4186.29962  1.49615E+08
  4186.99787  1.49525E+08
  4187.69636  1.49431E+08
  4188.39507  1.49340E+08
  4189.09344  1.49250E+08
  4189.79204  1.49159E+08
  4190.49145  1.49066E+08
  4191.18993  1.48975E+08
  4191.88923  1.48885E+08
  4192.58876  1.48794E+08
  4193.28794  1.48701E+08
  4193.98735  1.48611E+08
  4194.68699  1.48521E+08
  4195.38687  1.48430E+08
  4196.08640  1.48340E+08
  4196.78615  1.48247E+08
  4197.48673  1.48157E+08
  4198.18637  1.48067E+08
  4198.88683  1.47977E+08
  4199.58752  1.47887E+08
  4200.28786  1.47794E+08
  4200.98843  1.47704E+08
  4201.68923  1.47615E+08
  4202.39027  1.47525E+08
  4203.09095  1.47435E+08
  4203.79246  1.47343E+08
  4204.49361  1.47253E+08
  4205.19499  1.47163E+08
  4205.89602  1.47074E+08
  4206.59787  1.46984E+08
  4207.29937  1.46895E+08
  4208.00110  1.46803E+08
  4208.70307  1.46713E+08
  4209.40526  1.46624E+08
  4210.10711  1.46535E+08
  4210.80977  1.46445E+08
  4211.51208  1.46356E+08
  4212.21463  1.46267E+08
  4212.91741  1.46175E+08
  4213.61983  1.46086E+08
  4214.32248  1.45997E+08
  4215.02597  1.45908E+08
  4215.72909  1.45819E+08
  4216.43186  1.45730E+08
  4217.13545  1.45641E+08
  4217.83868  1.45553E+08
  4218.54215  1.45461E+08
  4219.24586  1.45372E+08
  4219.94980  1.45284E+08
  4220.65397  1.45195E+08
  4221.35779  1.45106E+08
  4222.06184  1.45018E+08
  4222.76612  1.44929E+08
  4223.47064  1.44841E+08
  4224.17539  1.44753E+08
  4224.87979  1.44664E+08
  4225.58442  1.44573E+08
  4226.28928  1.44485E+08
  4226.99438  1.44396E+08
  4227.69912  1.44308E+08
  4228.40469  1.44220E+08
  4229.10990  1.44132E+08
  4229.81534  1.44044E+08
  4230.52102  1.43956E+08
  4231.22634  1.43868E+08
  4231.93249  1.43780E+08
  4232.63828  1.43692E+08
  4233.34430  1.43605E+08
  4234.05056  1.43517E+08
  4234.75705  1.43429E+08
  4235.46319  1.43341E+08
  4236.16955  1.43254E+08
  4236.87616  1.43166E+08
  4237.58300  1.43075E+08
  4238.29007  1.42988E+08
  4238.99678  1.42900E+08
  4239.70373  1.42813E+08
  4240.41091  1.42726E+08
  4241.11833  1.42638E+08
  4241.82599  1.42551E+08
  4242.53328  1.42464E+08
  4243.24141  1.42376E+08
  4243.94917  1.42289E+08
  4244.65717  1.42202E+08
  4245.36480  1.42115E+08
  4246.07328  1.42028E+08
  4246.78138  1.41941E+08
  4247.48973  1.41854E+08
  4248.19830  1.41767E+08
  4248.90712  1.41680E+08
  4249.61557  1.41593E+08
  4250.32426  1.41506E+08
  4251.03378  1.41420E+08
  4251.74234  1.41336E+08
  4252.45173  1.41249E+08
  4253.16136  1.41163E+08
  4253.87063  1.41076E+08
  4254.58013  1.40989E+08
  4255.28987  1.40903E+08
  4255.99985  1.40816E+08
  4256.70945  1.40730E+08
  4257.41990  1.40644E+08
  4258.12999  1.40557E+08
  4258.84030  1.40471E+08
  4259.55025  1.40385E+08
  4260.26105  1.40299E+08
  4260.97147  1.40212E+08
  4261.68274  1.40126E+08
  4262.39303  1.40040E+08
  4263.10417  1.39954E+08
  4263.81554  1.39871E+08
  4264.52654  1.39785E+08
  4265.23778  1.39699E+08
  4265.94926  1.39613E+08
  4266.66098  1.39527E+08
  4267.37293  1.39442E+08
  4268.08451  1.39356E+08
  4268.79633  1.39270E+08
  4269.50839  1.39185E+08
  4270.22068  1.39099E+08
  4270.93322  1.39016E+08
  4271.64538  1.38931E+08
  4272.35778  1.38845E+08
  4273.07103  1.38760E+08
  4273.78329  1.38674E+08
  4274.49640  1.38589E+08
  4275.20914  1.38504E+08
  4275.92273  1.38418E+08
  4276.63595  1.38336E+08
  4277.34941  1.38251E+08
  4278.06249  1.38166E+08
  4278.77642  1.38080E+08
  4279.48998  1.37995E+08
  4280.20377  1.37910E+08
  4280.91781  1.37825E+08
  4281.63208  1.37743E+08
  4282.34598  1.37658E+08
  4283.06073  1.37574E+08
  4283.77510  1.37489E+08
  4284.48972  1.37404E+08
  4285.20396  1.37319E+08
  4285.91905  1.37237E+08
  4286.63377  1.37153E+08
  4287.34872  1.37068E+08
  4288.06391  1.36983E+08
  4288.77935  1.36899E+08
  4289.49502  1.36817E+08
  4290.21031  1.36733E+08
  4290.92585  1.36648E+08
  4291.64162  1.36564E+08
  4292.35763  1.36480E+08
  4293.07327  1.36398E+08
  4293.78976  1.36314E+08
  4294.50587  1.36230E+08
  4295.22223  1.36146E+08
  4295.93882  1.36061E+08
  4296.65503  1.35980E+08
  4297.37210  1.35896E+08
  4298.08880  1.35812E+08
  4298.80573  1.35728E+08
  4299.52290  1.35647E+08
  4300.24031  1.35563E+08
  4300.95734  1.35479E+08
  4301.67461  1.35396E+08
  4302.39213  1.35315E+08
  4303.10988  1.35231E+08
  4303.82787  1.35147E+08
  4304.54548  1.35064E+08
  4305.26395  1.34983E+08
  4305.98204  1.34899E+08
  4306.70037  1.34816E+08
  4307.41832  1.34732E+08
  4308.13713  1.34652E+08
  4308.85556  1.34569E+08
  4309.57423  1.34485E+08
  4310.29314  1.34402E+08
  4311.01229  1.34321E+08
  4311.73106  1.34238E+08
  4312.45069  1.34155E+08
  4313.16994  1.34075E+08
  4313.88943  1.33992E+08
  4314.60915  1.33908E+08
  4315.32850  1.33828E+08
  4316.04871  1.33745E+08
  4316.76854  1.33662E+08
  4317.48861  1.33579E+08
  4318.20892  1.33499E+08
  4318.92884  1.33417E+08
  4319.64963  1.33334E+08
  4320.37004  1.33254E+08
  4321.09069  1.33171E+08
  4321.81158  1.33089E+08
  4322.53208  1.33009E+08
  4323.25345  1.32926E+08
  4323.97444  1.32844E+08
  4324.69566  1.32764E+08
  4325.41713  1.32682E+08
  4326.13884  1.32599E+08
  4326.86016  1.32520E+08
  4327.58235  1.32437E+08
  4328.30416  1.32358E+08
  4329.02620  1.32275E+08
  4329.74787  1.32193E+08
  4330.47039  1.32114E+08
  4331.19254  1.32032E+08
  4331.91492  1.31950E+08
  4332.63755  1.31870E+08
  4333.36042  1.31788E+08
  4334.08352  1.31709E+08
  4334.80625  1.31627E+08
  4335.52921  1.31545E+08
  4336.25241  1.31466E+08
  4336.97586  1.31385E+08
  4337.69892  1.31303E+08
  4338.42285  1.31224E+08
  4339.14639  1.31142E+08
  4339.87018  1.31063E+08
  4340.59420  1.30982E+08
  4341.31847  1.30903E+08
  4342.04235  1.30821E+08
  4342.76647  1.30740E+08
  4343.49083  1.30661E+08
  4344.21544  1.30580E+08
  4344.94028  1.30501E+08
  4345.66474  1.30420E+08
  4346.39007  1.30341E+08
  4347.11501  1.30260E+08
  4347.84019  1.30179E+08
  4348.56499  1.30101E+08
  4349.29066  1.30019E+08
  4350.01593  1.29941E+08
  4350.74145  1.29860E+08
  4351.46722  1.29782E+08
  4352.19322  1.29701E+08
  4352.91947  1.29623E+08
  4353.64533  1.29542E+08
  4354.37142  1.29464E+08
  4355.09777  1.29383E+08
  4355.82435  1.29302E+08
  4356.55117  1.29224E+08
  4357.27761  1.29143E+08
  4358.00429  1.29065E+08
  4358.73121  1.28985E+08
  4359.45837  1.28907E+08
  4360.18578  1.28826E+08
  4360.91279  1.28749E+08
  4361.64068  1.28668E+08
  4362.36818  1.28591E+08
  4363.09592  1.28510E+08
  4363.82327  1.28433E+08
  4364.55150  1.28352E+08
  4365.27933  1.28275E+08
  4366.00741  1.28195E+08
  4366.73573  1.28117E+08
  4367.46429  1.28037E+08
  4368.19310  1.27960E+08
  4368.92151  1.27882E+08
  4369.65017  1.27802E+08
  4370.37906  1.27725E+08
  4371.10821  1.27645E+08
  4371.83695  1.27568E+08
  4372.56658  1.27488E+08
  4373.29582  1.27411E+08
  4374.02529  1.27331E+08
  4374.75502  1.27254E+08
  4375.48498  1.27174E+08
  4376.21455  1.27097E+08
  4376.94436  1.27021E+08
  4377.67442  1.26941E+08
  4378.40472  1.26864E+08
  4379.13526  1.26785E+08
  4379.86541  1.26708E+08
  4380.59644  1.26628E+08
  4381.32707  1.26552E+08
  4382.05795  1.26475E+08
  4382.78907  1.26396E+08
  4383.51980  1.26319E+08
  4384.25141  1.26240E+08
  4384.98262  1.26164E+08
  4385.71408  1.26087E+08
  4386.44514  1.26008E+08
  4387.17708  1.25932E+08
  4387.90863  1.25852E+08
  4388.64106  1.25776E+08
  4389.37310  1.25700E+08
  4390.10537  1.25621E+08
  4390.83726  1.25545E+08
  4391.57002  1.25466E+08
  4392.30239  1.25390E+08
  4393.03501  1.25314E+08
  4393.76786  1.25235E+08
  4394.50097  1.25159E+08
  4395.23367  1.25083E+08
  4395.96661  1.25004E+08
  4396.70045  1.24929E+08
  4397.43389  1.24853E+08
  4398.16692  1.24774E+08
  4398.90085  1.24698E+08
  4399.63437  1.24620E+08
  4400.36814  1.24544E+08
  4401.10216  1.24469E+08
  4401.83642  1.24390E+08
  4402.57092  1.24315E+08
  4403.30502  1.24239E+08
  4404.04002  1.24161E+08
  4404.77461  1.24085E+08
  4405.50880  1.24010E+08
  4406.24388  1.23935E+08
  4406.97921  1.23856E+08
  4407.71413  1.23781E+08
  4408.44931  1.23706E+08
  4409.18472  1.23628E+08
  4409.92038  1.23553E+08
  4410.65564  1.23478E+08
  4411.39179  1.23400E+08
  4412.12754  1.23325E+08
  4412.86353  1.23250E+08
  4413.59912  1.23175E+08
  4414.33561  1.23097E+08
  4415.07169  1.23022E+08
  4415.80867  1.22947E+08
  4416.54524  1.22869E+08
  4417.28140  1.22795E+08
  4418.01847  1.22720E+08
  4418.75578  1.22645E+08
  4419.49268  1.22568E+08
  4420.22983  1.22493E+08
  4420.96723  1.22418E+08
  4421.70487  1.22344E+08
  4422.44210  1.22266E+08
  4423.17958  1.22192E+08
  4423.91796  1.22117E+08
  4424.65528  1.22043E+08
  4425.39350  1.21966E+08
  4426.13197  1.21891E+08
  4426.87003  1.21817E+08
  4427.60833  1.21743E+08
  4428.34688  1.21666E+08
  4429.08568  1.21591E+08
  4429.82473  1.21517E+08
  4430.56336  1.21443E+08
  4431.30290  1.21369E+08
  4432.04203  1.21292E+08
  4432.78075  1.21218E+08
  4433.52037  1.21144E+08
  4434.26024  1.21070E+08
  4434.99970  1.20996E+08
  4435.73941  1.20919E+08
  4436.47936  1.20845E+08
  4437.21956  1.20772E+08
  4437.95935  1.20698E+08
  4438.70004  1.20624E+08
  4439.44033  1.20548E+08
  4440.18086  1.20474E+08
  4440.92164  1.20400E+08
  4441.66200  1.20327E+08
  4442.40328  1.20253E+08
  4443.14414  1.20180E+08
  4443.88524  1.20103E+08
  4444.62660  1.20030E+08
  4445.36820  1.19956E+08
  4446.10939  1.19883E+08
  4446.85083  1.19810E+08
  4447.59318  1.19736E+08
  4448.33511  1.19660E+08
  4449.07663  1.19587E+08
  4449.81906  1.19514E+08
  4450.56107  1.19441E+08
  4451.30334  1.19367E+08
  4452.04585  1.19294E+08
  4452.78861  1.19221E+08
  4453.53161  1.19148E+08
  4454.27420  1.19072E+08
  4455.01704  1.18999E+08
  4455.76079  1.18926E+08
  4456.50347  1.18854E+08
  4457.24705  1.18781E+08
  4457.99088  1.18708E+08
  4458.73430  1.18635E+08
  4459.47796  1.18562E+08
  4460.22188  1.18490E+08
  4460.96604  1.18414E+08
  4461.70978  1.18341E+08
  4462.45444  1.18269E+08
  4463.19868  1.18196E+08
  4463.94317  1.18124E+08
  4464.68791  1.18051E+08
  4465.43223  1.17979E+08
  4466.17747  1.17906E+08
  4466.92229  1.17834E+08
  4467.66735  1.17762E+08
  4468.41267  1.17689E+08
  4469.15823  1.17617E+08
  4469.90338  1.17542E+08
  4470.64944  1.17470E+08
  4471.39509  1.17397E+08
  4472.14098  1.17325E+08
  4472.88645  1.17253E+08
  4473.63284  1.17181E+08
  4474.37881  1.17109E+08
  4475.12570  1.17037E+08
  4475.87217  1.16965E+08
  4476.61822  1.16893E+08
  4477.36519  1.16821E+08
  4478.11241  1.16749E+08
  4478.85920  1.16677E+08
  4479.60625  1.16606E+08
  4480.35355  1.16534E+08
  4481.10042  1.16462E+08
  4481.84822  1.16390E+08
  4482.59559  1.16319E+08
  4483.34388  1.16247E+08
  4484.09108  1.16176E+08
  4484.83921  1.16104E+08
  4485.58758  1.16032E+08
  4486.33553  1.15961E+08
  4487.08440  1.15889E+08
  4487.83285  1.15818E+08
  4488.58087  1.15747E+08
  4489.32982  1.15675E+08
  4490.07902  1.15604E+08
  4490.82780  1.15533E+08
  4491.57682  1.15461E+08
  4492.32610  1.15390E+08
  4493.07562  1.15319E+08
  4493.82472  1.15248E+08
  4494.57475  1.15177E+08
  4495.32435  1.15106E+08
  4496.07420  1.15035E+08
  4496.82430  1.14964E+08
  4497.57398  1.14893E+08
  4498.32458  1.14822E+08
  4499.07476  1.14751E+08
  4499.82519  1.14683E+08
  4500.57587  1.14612E+08
  4501.32680  1.14541E+08
  4502.07730  1.14470E+08
  4502.82806  1.14400E+08
  4503.57974  1.14329E+08
  4504.33099  1.14258E+08
  4505.08182  1.14188E+08
  4505.83358  1.14117E+08
  4506.58491  1.14046E+08
  4507.33716  1.13976E+08
  4508.08899  1.13905E+08
  4508.84040  1.13838E+08
  4509.59273  1.13767E+08
  4510.34531  1.13697E+08
  4511.09747  1.13626E+08
  4511.84988  1.13556E+08
  4512.60254  1.13486E+08
  4513.35545  1.13416E+08
  4514.10793  1.13345E+08
  4514.86134  1.13275E+08
  4515.61432  1.13205E+08
  4516.36755  1.13138E+08
  4517.12104  1.13068E+08
  4517.87410  1.12998E+08
  4518.62808  1.12927E+08
  4519.38164  1.12858E+08
  4520.13545  1.12788E+08
  4520.88951  1.12718E+08
  4521.64383  1.12650E+08
  4522.39771  1.12581E+08
  4523.15253  1.12511E+08
  4523.90691  1.12441E+08
  4524.66155  1.12371E+08
  4525.41576  1.12302E+08
  4526.17090  1.12235E+08
  4526.92561  1.12165E+08
  4527.68125  1.12095E+08
  4528.43646  1.12026E+08
  4529.19193  1.11956E+08
  4529.94696  1.11887E+08
  4530.70293  1.11820E+08
  4531.45847  1.11750E+08
  4532.21426  1.11681E+08
  4532.97030  1.11612E+08
  4533.72659  1.11542E+08
  4534.48314  1.11473E+08
  4535.23925  1.11406E+08
  4535.99561  1.11337E+08
  4536.75223  1.11268E+08
  4537.50910  1.11199E+08
  4538.26622  1.11132E+08
  4539.02290  1.11063E+08
  4539.77984  1.10994E+08
  4540.53772  1.10925E+08
  4541.29517  1.10856E+08
  4542.05218  1.10790E+08
  4542.81012  1.10721E+08
  4543.56764  1.10652E+08
  4544.32541  1.10583E+08
  4545.08343  1.10517E+08
  4545.84170  1.10448E+08
  4546.60022  1.10379E+08
  4547.35831  1.10311E+08
  4548.11734  1.10242E+08
  4548.87594  1.10176E+08
  4549.63479  1.10107E+08
  4550.39320  1.10039E+08
  4551.15255  1.09970E+08
  4551.91147  1.09904E+08
  4552.67064  1.09836E+08
  4553.43006  1.09767E+08
  4554.18974  1.09702E+08
  4554.94967  1.09633E+08
  4555.70916  1.09565E+08
  4556.46959  1.09496E+08
  4557.22959  1.09431E+08
  4557.98984  1.09363E+08
  4558.74966  1.09294E+08
  4559.51041  1.09229E+08
  4560.27073  1.09161E+08
  4561.03131  1.09092E+08
  4561.79213  1.09024E+08
  4562.55321  1.08959E+08
  4563.31455  1.08891E+08
  4564.07544  1.08823E+08
  4564.83659  1.08758E+08
  4565.59799  1.08690E+08
  4566.35964  1.08622E+08
  4567.12155  1.08556E+08
  4567.88372  1.08489E+08
  4568.64544  1.08421E+08
  4569.40742  1.08356E+08
  4570.16965  1.08288E+08
  4570.93213  1.08220E+08
  4571.69417  1.08155E+08
  4572.45716  1.08088E+08
  4573.21971  1.08020E+08
  4573.98252  1.07955E+08
  4574.74558  1.07887E+08
  4575.50889  1.07820E+08
  4576.27176  1.07755E+08
  4577.03558  1.07688E+08
  4577.79896  1.07620E+08
  4578.56260  1.07555E+08
  4579.32579  1.07488E+08
  4580.08993  1.07421E+08
  4580.85363  1.07356E+08
  4581.61828  1.07289E+08
  4582.38249  1.07224E+08
  4583.14695  1.07157E+08
  4583.91097  1.07090E+08
  4584.67594  1.07025E+08
  4585.44047  1.06958E+08
  4586.20525  1.06894E+08
  4586.97029  1.06827E+08
  4587.73558  1.06760E+08
  4588.50113  1.06696E+08
  4589.26623  1.06629E+08
  4590.03159  1.06564E+08
  4590.79720  1.06498E+08
  4591.56306  1.06431E+08
  4592.32919  1.06366E+08
  4593.09486  1.06300E+08
  4593.86149  1.06236E+08
  4594.62768  1.06169E+08
  4595.39412  1.06102E+08
  4596.16082  1.06038E+08
  4596.92706  1.05972E+08
  4597.69427  1.05908E+08
  4598.46103  1.05841E+08
  4599.22805  1.05777E+08
  4599.99532  1.05711E+08
  4600.76284  1.05647E+08
  4601.52992  1.05580E+08
  4602.29725  1.05514E+08
  4603.06555  1.05450E+08
  4603.83339  1.05384E+08
  4604.60078  1.05320E+08
  4605.36914  1.05254E+08
  4606.13705  1.05190E+08
  4606.90592  1.05124E+08
  4607.67433  1.05061E+08
  4608.44301  1.04995E+08
  4609.21123  1.04931E+08
  4609.98042  1.04865E+08
  4610.74915  1.04802E+08
  4611.51814  1.04736E+08
  4612.28739  1.04672E+08
  4613.05690  1.04606E+08
  4613.82666  1.04543E+08
  4614.59597  1.04477E+08
  4615.36553  1.04414E+08
  4616.13535  1.04348E+08
  4616.90543  1.04285E+08
  4617.67576  1.04219E+08
  4618.44636  1.04156E+08
  4619.21649  1.04090E+08
  4619.98689  1.04027E+08
  4620.75754  1.03962E+08
  4621.52845  1.03899E+08
  4622.29961  1.03833E+08
  4623.07032  1.03770E+08
  4623.84129  1.03705E+08
  4624.61252  1.03642E+08
  4625.38400  1.03576E+08
  4626.15574  1.03514E+08
  4626.92773  1.03451E+08
  4627.69927  1.03386E+08
  4628.47107  1.03323E+08
  4629.24313  1.03258E+08
  4630.01544  1.03195E+08
  4630.78801  1.03130E+08
  4631.56012  1.03067E+08
  4632.33249  1.03002E+08
  4633.10583  1.02939E+08
  4633.87800  1.02877E+08
  4634.65115  1.02812E+08
  4635.42455  1.02749E+08
  4636.19749  1.02684E+08
  4636.97069  1.02622E+08
  4637.74415  1.02557E+08
  4638.51786  1.02495E+08
  4639.29184  1.02432E+08
  4640.06535  1.02368E+08
  4640.83984  1.02305E+08
  4641.61387  1.02241E+08
  4642.38816  1.02178E+08
  4643.16271  1.02116E+08
  4643.93680  1.02052E+08
  4644.71186  1.01990E+08
  4645.48646  1.01925E+08
  4646.26132  1.01863E+08
  4647.03644  1.01801E+08
  4647.81110  1.01736E+08
  4648.58674  1.01675E+08
  4649.36191  1.01613E+08
  4650.13735  1.01548E+08
  4650.91304  1.01486E+08
  4651.68899  1.01425E+08
  4652.46520  1.01360E+08
  4653.24095  1.01299E+08
  4654.01768  1.01234E+08
  4654.79394  1.01173E+08
  4655.57046  1.01111E+08
  4656.34652  1.01047E+08
  4657.12356  1.00985E+08
  4657.90014  1.00924E+08
  4658.67698  1.00860E+08
  4659.45407  1.00798E+08
  4660.23143  1.00737E+08
  4661.00904  1.00673E+08
  4661.78619  1.00611E+08
  4662.56432  1.00550E+08
  4663.34199  1.00486E+08
  4664.11992  1.00424E+08
  4664.89738  1.00363E+08
  4665.67582  1.00299E+08
  4666.45380  1.00238E+08
  4667.23277  1.00177E+08
  4668.01127  1.00116E+08
  4668.79002  1.00052E+08
  4669.56832  9.99910E+07
  4670.34759  9.99299E+07
  4671.12640  9.98663E+07
  4671.90547  9.98053E+07
  4672.68480  9.97443E+07
  4673.46439  9.96833E+07
  4674.24424  9.96199E+07
  4675.02362  9.95590E+07
  4675.80327  9.94981E+07
  4676.58317  9.94347E+07
  4677.36333  9.93739E+07
  4678.14375  9.93131E+07
  4678.92443  9.92523E+07
  4679.70464  9.91891E+07
  4680.48512  9.91284E+07
  4681.26585  9.90677E+07
  4682.04684  9.90071E+07
  4682.82810  9.89440E+07
  4683.60888  9.88834E+07
  4684.38992  9.88228E+07
  4685.17123  9.87623E+07
  4685.95279  9.86993E+07
  4686.73462  9.86389E+07
  4687.51670  9.85784E+07
  4688.29832  9.85180E+07
  4689.08019  9.84551E+07
  4689.86233  9.83948E+07
  4690.64473  9.83345E+07
  4691.42738  9.82742E+07
  4692.20957  9.82139E+07
  4692.99275  9.81512E+07
  4693.77545  9.80910E+07
  4694.55842  9.80308E+07
  4695.34165  9.79707E+07
  4696.12440  9.79106E+07
  4696.90816  9.78480E+07
  4697.69143  9.77880E+07
  4698.47497  9.77279E+07
  4699.25877  9.76679E+07
  4700.04283  9.76080E+07
  4700.82642  9.75456E+07
  4701.61100  9.74856E+07
  4702.39511  9.74258E+07
  4703.17948  9.73659E+07
  4703.96411  9.73061E+07
  4704.74901  9.72463E+07
  4705.53342  9.71841E+07
  4706.31810  9.71244E+07
  4707.10378  9.70646E+07
  4707.88898  9.70050E+07
  4708.67371  9.69453E+07
  4709.45944  9.68857E+07
  4710.24468  9.68237E+07
  4711.03093  9.67641E+07
  4711.81671  9.67046E+07
  4712.60274  9.66451E+07
  4713.38830  9.65856E+07
  4714.17486  9.65262E+07
  4714.96094  9.64668E+07
  4715.74802  9.64049E+07
  4716.53463  9.63455E+07
  4717.32075  9.62862E+07
  4718.10788  9.62269E+07
  4718.89527  9.61676E+07
  4719.68219  9.61084E+07
  4720.46936  9.60492E+07
  4721.25680  9.59900E+07
  4722.04450  9.59309E+07
  4722.83172  9.58693E+07
  4723.61994  9.58102E+07
  4724.40769  9.57511E+07
  4725.19569  9.56921E+07
  4725.98396  9.56331E+07
  4726.77250  9.55741E+07
  4727.56055  9.55152E+07
  4728.34961  9.54562E+07
  4729.13818  9.53974E+07
  4729.92702  9.53385E+07
  4730.71613  9.52797E+07
  4731.50474  9.52209E+07
  4732.29437  9.51596E+07
  4733.08352  9.51009E+07
  4733.87293  9.50422E+07
  4734.66260  9.49835E+07
  4735.45254  9.49248E+07
  4736.24274  9.48662E+07
  4737.03245  9.48076E+07
  4737.82243  9.47490E+07
  4738.61342  9.46904E+07
  4739.40317  9.46320E+07
  4740.19394  9.45735E+07
  4740.98498  9.45150E+07
  4741.77552  9.44566E+07
  4742.56633  9.43982E+07
  4743.35741  9.43398E+07
  4744.14875  9.42814E+07
  4744.94035  9.42231E+07
  4745.73146  9.41648E+07
  4746.52359  9.41065E+07
  4747.31524  9.40483E+07
  4748.10714  9.39901E+07
  4748.89931  9.39319E+07
  4749.69100  9.38738E+07
  4750.48370  9.38157E+07
  4751.27591  9.37576E+07
  4752.06839  9.36995E+07
  4752.86113  9.36415E+07
  4753.65413  9.35835E+07
  4754.44665  9.35255E+07
  4755.24018  9.34675E+07
  4756.03322  9.34096E+07
  4756.82653  9.33517E+07
  4757.62011  9.32939E+07
  4758.41319  9.32360E+07
  4759.20729  9.31782E+07
  4760.00090  9.31204E+07
  4760.79554  9.30627E+07
  4761.58892  9.30050E+07
  4762.38333  9.29473E+07
  4763.17800  9.28896E+07
  4763.97218  9.28320E+07
  4764.76738  9.27743E+07
  4765.56209  9.27167E+07
  4766.35707  9.26592E+07
  4767.15231  9.26017E+07
  4767.94706  9.25442E+07
  4768.74283  9.24867E+07
  4769.53811  9.24292E+07
  4770.33365  9.23718E+07
  4771.12946  9.23144E+07
  4771.92477  9.22571E+07
  4772.72111  9.22022E+07
  4773.51696  9.21449E+07
  4774.31383  9.20876E+07
  4775.11021  9.20303E+07
  4775.90609  9.19731E+07
  4776.70300  9.19159E+07
  4777.50017  9.18588E+07
  4778.29685  9.18016E+07
  4779.09379  9.17445E+07
  4779.89100  9.16874E+07
  4780.68848  9.16304E+07
  4781.48546  9.15758E+07
  4782.28347  9.15188E+07
  4783.08098  9.14618E+07
  4783.87875  9.14049E+07
  4784.67680  9.13479E+07
  4785.47511  9.12910E+07
  4786.27368  9.12342E+07
  4787.07176  9.11774E+07
  4787.87011  9.11206E+07
  4788.66872  9.10662E+07
  4789.46759  9.10094E+07
  4790.26674  9.09527E+07
  4791.06538  9.08960E+07
  4791.86506  9.08393E+07
  4792.66424  9.07827E+07
  4793.46368  9.07261E+07
  4794.26339  9.06719E+07
  4795.06260  9.06154E+07
  4795.86285  9.05588E+07
  4796.66259  9.05023E+07
  4797.46260  9.04459E+07
  4798.26288  9.03894E+07
  4799.06343  9.03330E+07
  4799.86424  9.02790E+07
  4800.66455  9.02226E+07
  4801.46513  9.01663E+07
  4802.26674  9.01100E+07
  4803.06708  9.00537E+07
  4803.86846  8.99998E+07
  4804.67011  8.99436E+07
  4805.47125  8.98874E+07
  4806.27267  8.98312E+07
  4807.07434  8.97751E+07
  4807.87629  8.97190E+07
  4808.67850  8.96653E+07
  4809.48098  8.96092E+07
  4810.28296  8.95531E+07
  4811.08521  8.94971E+07
  4811.88772  8.94412E+07
  4812.69050  8.93876E+07
  4813.49355  8.93316E+07
  4814.29609  8.92758E+07
  4815.09967  8.92199E+07
  4815.90275  8.91664E+07
  4816.70610  8.91106E+07
  4817.50894  8.90548E+07
  4818.31282  8.89990E+07
  4819.11697  8.89433E+07
  4819.92062  8.88900E+07
  4820.72453  8.88343E+07
  4821.52871  8.87786E+07
  4822.33316  8.87230E+07
  4823.13710  8.86698E+07
  4823.94208  8.86142E+07
  4824.74656  8.85586E+07
  4825.55131  8.85031E+07
  4826.35632  8.84500E+07
  4827.16160  8.83945E+07
  4827.96638  8.83391E+07
  4828.77220  8.82837E+07
  4829.57751  8.82306E+07
  4830.38309  8.81753E+07
  4831.18894  8.81199E+07
  4831.99428  8.80670E+07
  4832.80067  8.80117E+07
  4833.60654  8.79565E+07
  4834.41269  8.79013E+07
  4835.21910  8.78484E+07
  4836.02578  8.77932E+07
  4836.83274  8.77381E+07
  4837.63918  8.76853E+07
  4838.44667  8.76302E+07
  4839.25365  8.75752E+07
  4840.06090  8.75201E+07
  4840.86841  8.74675E+07
  4841.67542  8.74125E+07
  4842.48348  8.73575E+07
  4843.29102  8.73049E+07
  4844.09883  8.72500E+07
  4844.90692  8.71952E+07
  4845.71527  8.71427E+07
  4846.52311  8.70878E+07
  4847.33200  8.70330E+07
  4848.14038  8.69806E+07
  4848.94902  8.69259E+07
  4849.75794  8.68712E+07
  4850.56713  8.68188E+07
  4851.37580  8.67641E+07
  4852.18553  8.67095E+07
  4852.99474  8.66572E+07
  4853.80422  8.66026E+07
  4854.61397  8.65481E+07
  4855.42321  8.64959E+07
  4856.23350  8.64414E+07
  4857.04328  8.63869E+07
  4857.85411  8.63348E+07
  4858.66443  8.62803E+07
  4859.47423  8.62283E+07
  4860.28508  8.61739E+07
  4861.09621  8.61196E+07
  4861.90682  8.60676E+07
  4862.71770  8.60133E+07
  4863.52885  8.59590E+07
  4864.34027  8.59071E+07
  4865.15117  8.58529E+07
  4865.96314  8.58010E+07
  4866.77458  8.57469E+07
  4867.58629  8.56927E+07
  4868.39828  8.56409E+07
  4869.21054  8.55869E+07
  4870.02306  8.55351E+07
  4870.83507  8.54811E+07
  4871.64735  8.54271E+07
  4872.46069  8.53754E+07
  4873.27272  8.53215E+07
  4874.08581  8.52699E+07
  4874.89917  8.52160E+07
  4875.71201  8.51644E+07
  4876.52512  8.51106E+07
  4877.33930  8.50567E+07
  4878.15216  8.50053E+07
  4878.96608  8.49515E+07
  4879.78028  8.49000E+07
  4880.59396  8.48463E+07
  4881.40790  8.47950E+07
  4882.22212  8.47413E+07
  4883.03661  8.46877E+07
  4883.85137  8.46363E+07
  4884.66640  8.45827E+07
  4885.48091  8.45315E+07
  4886.29569  8.44780E+07
  4887.11074  8.44268E+07
  4887.92607  8.43733E+07
  4888.74167  8.43221E+07
  4889.55674  8.42687E+07
  4890.37208  8.42176E+07
  4891.18849  8.41642E+07
  4892.00438  8.41131E+07
  4892.81974  8.40598E+07
  4893.63617  8.40088E+07
  4894.45288  8.39555E+07
  4895.26905  8.39023E+07
  4896.08550  8.38514E+07
  4896.90222  8.37982E+07
  4897.71922  8.37473E+07
  4898.53648  8.36941E+07
  4899.35322  8.36433E+07
  4900.17023  8.35902E+07
  4900.98752  8.35394E+07
  4901.80507  8.34887E+07
  4902.62290  8.34357E+07
  4903.44101  8.33850E+07
  4904.25858  8.33320E+07
  4905.07723  8.32813E+07
  4905.89535  8.32284E+07
  4906.71374  8.31778E+07
  4907.53160  8.31250E+07
  4908.35054  8.30744E+07
  4909.16894  8.30216E+07
  4909.98843  8.29711E+07
  4910.80738  8.29183E+07
  4911.62661  8.28678E+07
  4912.44530  8.28152E+07
  4913.26508  8.27647E+07
  4914.08432  8.27121E+07
  4914.90464  8.26617E+07
  4915.72443  8.26114E+07
  4916.54449  8.25588E+07
  4917.36402  8.25085E+07
  4918.18462  8.24560E+07
  4919.00470  8.24058E+07
  4919.82505  8.23533E+07
  4920.64567  8.23031E+07
  4921.46657  8.22529E+07
  4922.28774  8.22005E+07
  4923.10918  8.21504E+07
  4923.93009  8.20981E+07
  4924.75128  8.20480E+07
  4925.57273  8.19957E+07
  4926.39447  8.19457E+07
  4927.21647  8.18957E+07
  4928.03794  8.18435E+07
  4928.86050  8.17935E+07
  4929.68251  8.17414E+07
  4930.50481  8.16915E+07
  4931.32737  8.16416E+07
  4932.14940  8.15895E+07
  4932.97252  8.15397E+07
  4933.79510  8.14876E+07
  4934.61795  8.14379E+07
  4935.44108  8.13881E+07
  4936.26448  8.13362E+07
  4937.08816  8.12865E+07
  4937.91130  8.12368E+07
  4938.73552  8.11849E+07
  4939.55921  8.11353E+07
  4940.38317  8.10834E+07
  4941.20741  8.10338E+07
  4942.03111  8.09843E+07
  4942.85589  8.09325E+07
  4943.68014  8.08830E+07
  4944.50466  8.08336E+07
  4945.32946  8.07819E+07
  4946.15453  8.07324E+07
  4946.97988  8.06830E+07
  4947.80469  8.06314E+07
  4948.63059  8.05820E+07
  4949.45595  8.05327E+07
  4950.28158  8.04812E+07
  4951.10749  8.04319E+07
  4951.93285  8.03826E+07
  4952.75931  8.03311E+07
  4953.58523  8.02819E+07
  4954.41142  8.02328E+07
  4955.23789  8.01814E+07
  4956.06463  8.01322E+07
  4956.89083  8.00831E+07
  4957.71813  8.00318E+07
  4958.54488  7.99827E+07
  4959.37190  7.99337E+07
  4960.19921  7.98847E+07
  4961.02679  7.98334E+07
  4961.85464  7.97845E+07
  4962.68195  7.97355E+07
  4963.50954  7.96844E+07
  4964.33740  7.96355E+07
  4965.16554  7.95866E+07
  4965.99395  7.95378E+07
  4966.82264  7.94867E+07
  4967.65079  7.94379E+07
  4968.47921  7.93891E+07
  4969.30873  7.93381E+07
  4970.13688  7.92894E+07
  4970.96613  7.92407E+07
  4971.79565  7.91920E+07
  4972.62463  7.91412E+07
  4973.45471  7.90925E+07
  4974.28424  7.90439E+07
  4975.11405  7.89953E+07
  4975.94331  7.89445E+07
  4976.77367  7.88960E+07
  4977.60349  7.88475E+07
  4978.43440  7.87990E+07
  4979.26477  7.87483E+07
  4980.09541  7.86999E+07
  4980.92551  7.86515E+07
  4981.75670  7.86030E+07
  4982.58735  7.85525E+07
  4983.41910  7.85041E+07
  4984.25031  7.84558E+07
  4985.08179  7.84075E+07
  4985.91271  7.83592E+07
  4986.74475  7.83087E+07
  4987.57623  7.82605E+07
  4988.40882  7.82123E+07
  4989.24085  7.81641E+07
  4990.07317  7.81138E+07
  4990.90493  7.80656E+07
  4991.73780  7.80175E+07
  4992.57012  7.79694E+07
  4993.40354  7.79214E+07
  4994.23641  7.78733E+07
  4995.06956  7.78231E+07
  4995.90216  7.77751E+07
  4996.73586  7.77271E+07
  4997.56901  7.76792E+07
  4998.40328  7.76313E+07
  4999.23698  7.75812E+07
  5000.07097  7.75333E+07
  5000.90440  7.74854E+07
  5001.73894  7.74376E+07
  5002.57292  7.73898E+07
  5003.40802  7.73420E+07
  5004.24256  7.72920E+07
  5005.07738  7.72443E+07
  5005.91165  7.71966E+07
  5006.74702  7.71489E+07
  5007.58184  7.71013E+07
  5008.41778  7.70536E+07
  5009.25315  7.70060E+07
  5010.08881  7.69562E+07
  5010.92391  7.69086E+07
  5011.76012  7.68611E+07
  5012.59577  7.68136E+07
  5013.43171  7.67661E+07
  5014.26876  7.67186E+07
  5015.10441  7.66711E+07
  5015.94118  7.66215E+07
  5016.77823  7.65741E+07
  5017.61472  7.65267E+07
  5018.45148  7.64793E+07
  5019.28937  7.64320E+07
  5020.12586  7.63847E+07
  5020.96346  7.63374E+07
  5021.80135  7.62901E+07
  5022.63867  7.62429E+07
  5023.47627  7.61935E+07
  5024.31500  7.61462E+07
  5025.15231  7.60991E+07
  5025.99076  7.60519E+07
  5026.82948  7.60048E+07
  5027.66763  7.59577E+07
  5028.50691  7.59106E+07
  5029.34563  7.58635E+07
  5030.18463  7.58165E+07
  5031.02306  7.57695E+07
  5031.86262  7.57225E+07
  5032.70161  7.56755E+07
  5033.54172  7.56264E+07
  5034.38128  7.55794E+07
  5035.22111  7.55325E+07
  5036.06037  7.54857E+07
  5036.90077  7.54388E+07
  5037.74059  7.53920E+07
  5038.58155  7.53452E+07
  5039.42193  7.52984E+07
  5040.26260  7.52516E+07
  5041.10270  7.52049E+07
  5041.94393  7.51582E+07
  5042.78544  7.51114E+07
  5043.62638  7.50648E+07
  5044.46760  7.50181E+07
  5045.30910  7.49715E+07
  5046.15088  7.49249E+07
  5046.99210  7.48783E+07
  5047.83444  7.48317E+07
  5048.67622  7.47852E+07
  5049.51827  7.47387E+07
  5050.36061  7.46922E+07
  5051.20323  7.46457E+07
  5052.04528  7.45993E+07
  5052.88846  7.45529E+07
  5053.73107  7.45065E+07
  5054.57396  7.44601E+07
  5055.41713  7.44137E+07
  5056.26059  7.43674E+07
  5057.10432  7.43211E+07
  5057.94748  7.42748E+07
  5058.79178  7.42285E+07
  5059.63551  7.41823E+07
  5060.47952  7.41361E+07
  5061.32295  7.40899E+07
  5062.16752  7.40437E+07
  5063.01237  7.39975E+07
  5063.85665  7.39514E+07
  5064.70121  7.39053E+07
  5065.54606  7.38592E+07
  5066.39118  7.38131E+07
  5067.23659  7.37671E+07
  5068.08142  7.37211E+07
  5068.92653  7.36751E+07
  5069.77279  7.36291E+07
  5070.61846  7.35832E+07
  5071.46357  7.35373E+07
  5072.30981  7.34913E+07
  5073.15633  7.34454E+07
  5074.00228  7.33996E+07
  5074.84851  7.33538E+07
  5075.69502  7.33079E+07
  5076.54182  7.32622E+07
  5077.38890  7.32164E+07
  5078.23540  7.31728E+07
  5079.08218  7.31271E+07
  5079.93010  7.30813E+07
  5080.77745  7.30356E+07
  5081.62508  7.29900E+07
  5082.47213  7.29444E+07
  5083.32033  7.28987E+07
  5084.16795  7.28532E+07
  5085.01585  7.28076E+07
  5085.86403  7.27620E+07
  5086.71249  7.27165E+07
  5087.56124  7.26710E+07
  5088.41027  7.26276E+07
  5089.25873  7.25822E+07
  5090.10746  7.25367E+07
  5090.95648  7.24913E+07
  5091.80578  7.24459E+07
  5092.65536  7.24006E+07
  5093.50436  7.23552E+07
  5094.35451  7.23099E+07
  5095.20408  7.22667E+07
  5096.05393  7.22214E+07
  5096.90407  7.21762E+07
  5097.75449  7.21309E+07
  5098.60432  7.20857E+07
  5099.45531  7.20405E+07
  5100.30571  7.19953E+07
  5101.15640  7.19502E+07
  5102.00737  7.19072E+07
  5102.85863  7.18621E+07
  5103.70930  7.18170E+07
  5104.56112  7.17719E+07
  5105.41235  7.17269E+07
  5106.26388  7.16819E+07
  5107.11568  7.16369E+07
  5107.96777  7.15940E+07
  5108.82014  7.15490E+07
  5109.67193  7.15041E+07
  5110.52400  7.14592E+07
  5111.37723  7.14143E+07
  5112.22987  7.13694E+07
  5113.08192  7.13267E+07
  5113.93513  7.12819E+07
  5114.78863  7.12371E+07
  5115.64153  7.11923E+07
  5116.49472  7.11476E+07
  5117.34820  7.11049E+07
  5118.20196  7.10602E+07
  5119.05600  7.10155E+07
  5119.90946  7.09709E+07
  5120.76320  7.09262E+07
  5121.61810  7.08837E+07
  5122.47241  7.08391E+07
  5123.32613  7.07945E+07
  5124.18101  7.07499E+07
  5125.03617  7.07054E+07
  5125.89075  7.06630E+07
  5126.74560  7.06185E+07
  5127.60075  7.05740E+07
  5128.45618  7.05296E+07
  5129.31189  7.04851E+07
  5130.16702  7.04428E+07
  5131.02330  7.03984E+07
  5131.87900  7.03541E+07
  5132.73497  7.03097E+07
  5133.59124  7.02675E+07
  5134.44779  7.02232E+07
  5135.30374  7.01789E+07
  5136.16087  7.01346E+07
  5137.01739  7.00925E+07
  5137.87421  7.00483E+07
  5138.73131  7.00041E+07
  5139.58869  6.99599E+07
  5140.44548  6.99179E+07
  5141.30344  6.98737E+07
  5142.16080  6.98296E+07
  5143.01845  6.97855E+07
  5143.87638  6.97435E+07
  5144.73460  6.96995E+07
  5145.59311  6.96555E+07
  5146.45102  6.96115E+07
  5147.30921  6.95696E+07
  5148.16858  6.95256E+07
  5149.02735  6.94817E+07
  5149.88552  6.94399E+07
  5150.74486  6.93960E+07
  5151.60360  6.93521E+07
  5152.46351  6.93082E+07
  5153.32283  6.92665E+07
  5154.18243  6.92227E+07
  5155.04232  6.91789E+07
  5155.90250  6.91372E+07
  5156.76208  6.90934E+07
  5157.62194  6.90497E+07
  5158.48298  6.90081E+07
  5159.34341  6.89644E+07
  5160.20414  6.89207E+07
  5161.06426  6.88771E+07
  5161.92556  6.88356E+07
  5162.78626  6.87920E+07
  5163.64724  6.87484E+07
  5164.50940  6.87069E+07
  5165.37007  6.86634E+07
  5166.23191  6.86199E+07
  5167.09405  6.85784E+07
  5167.95558  6.85350E+07
  5168.81829  6.84915E+07
  5169.68039  6.84502E+07
  5170.54279  6.84067E+07
  5171.40457  6.83654E+07
  5172.26754  6.83221E+07
  5173.12991  6.82787E+07
  5173.99345  6.82375E+07
  5174.85639  6.81942E+07
  5175.71962  6.81509E+07
  5176.58313  6.81097E+07
  5177.44604  6.80665E+07
  5178.31013  6.80232E+07
  5179.17362  6.79821E+07
  5180.03739  6.79389E+07
  5180.90145  6.78958E+07
  5181.76580  6.78547E+07
  5182.63044  6.78116E+07
  5183.49447  6.77705E+07
  5184.35968  6.77275E+07
  5185.22429  6.76844E+07
  5186.08919  6.76434E+07
  5186.95437  6.76004E+07
  5187.81984  6.75595E+07
  5188.68471  6.75165E+07
  5189.55076  6.74736E+07
  5190.41620  6.74327E+07
  5191.28193  6.73898E+07
  5192.14794  6.73490E+07
  5193.01425  6.73061E+07
  5193.87995  6.72633E+07
  5194.74683  6.72225E+07
  5195.61311  6.71797E+07
  5196.47967  6.71390E+07
  5197.34652  6.70962E+07
  5198.21366  6.70555E+07
  5199.08019  6.70128E+07
  5199.94791  6.69701E+07
  5200.81502  6.69295E+07
  5201.68241  6.68868E+07
  5202.55010  6.68462E+07
  5203.41808  6.68036E+07
  5204.28634  6.67630E+07
  5205.15399  6.67205E+07
  5206.02284  6.66779E+07
  5206.89107  6.66374E+07
  5207.75959  6.65949E+07
  5208.62840  6.65545E+07
  5209.49749  6.65120E+07
  5210.36598  6.64716E+07
  5211.23475  6.64292E+07
  5212.10472  6.63888E+07
  5212.97408  6.63464E+07
  5213.84372  6.63060E+07
  5214.71274  6.62637E+07
  5215.58297  6.62234E+07
  5216.45348  6.61811E+07
  5217.32338  6.61408E+07
  5218.19357  6.60986E+07
  5219.06404  6.60584E+07
  5219.93481  6.60161E+07
  5220.80496  6.59740E+07
  5221.67631  6.59338E+07
  5222.54704  6.58916E+07
  5223.41806  6.58515E+07
  5224.28937  6.58094E+07
  5225.16097  6.57693E+07
  5226.03286  6.57293E+07
  5226.90413  6.56872E+07
  5227.77661  6.56472E+07
  5228.64846  6.56052E+07
  5229.52061  6.55652E+07
  5230.39304  6.55232E+07
  5231.26486  6.54833E+07
  5232.13787  6.54413E+07
  5233.01027  6.54014E+07
  5233.88387  6.53595E+07
  5234.75685  6.53197E+07
  5235.63011  6.52778E+07
  5236.50276  6.52380E+07
  5237.37661  6.51962E+07
  5238.24984  6.51564E+07
  5239.12427  6.51146E+07
  5239.99808  6.50749E+07
  5240.87219  6.50332E+07
  5241.74658  6.49934E+07
  5242.62035  6.49538E+07
  5243.49533  6.49121E+07
  5244.36968  6.48724E+07
  5245.24432  6.48308E+07
  5246.11926  6.47912E+07
  5246.99448  6.47496E+07
  5247.87000  6.47100E+07
  5248.74490  6.46705E+07
  5249.62100  6.46290E+07
  5250.49648  6.45895E+07
  5251.37224  6.45480E+07
  5252.24830  6.45085E+07
  5253.12466  6.44670E+07
  5254.00038  6.44276E+07
  5254.87732  6.43882E+07
  5255.75363  6.43468E+07
  5256.63023  6.43074E+07
  5257.50712  6.42661E+07
  5258.38431  6.42267E+07
  5259.26087  6.41874E+07
  5260.13864  6.41461E+07
  5261.01578  6.41069E+07
  5261.89321  6.40656E+07
  5262.77094  6.40264E+07
  5263.64896  6.39872E+07
  5264.52727  6.39460E+07
  5265.40495  6.39068E+07
  5266.28385  6.38656E+07
  5267.16212  6.38265E+07
  5268.04068  6.37874E+07
  5268.91953  6.37463E+07
  5269.79868  6.37072E+07
  5270.67719  6.36681E+07
  5271.55692  6.36271E+07
  5272.43602  6.35881E+07
  5273.31541  6.35490E+07
  5274.19510  6.35081E+07
  5275.07508  6.34691E+07
  5275.95442  6.34282E+07
  5276.83499  6.33892E+07
  5277.71492  6.33503E+07
  5278.59515  6.33095E+07
  5279.47566  6.32706E+07
  5280.35648  6.32317E+07
  5281.23758  6.31909E+07
  5282.11805  6.31521E+07
  5282.99975  6.31133E+07
  5283.88080  6.30725E+07
  5284.76215  6.30338E+07
  5285.64380  6.29950E+07
  5286.52574  6.29543E+07
  5287.40704  6.29157E+07
  5288.28957  6.28770E+07
  5289.17146  6.28363E+07
  5290.05364  6.27977E+07
  5290.93612  6.27591E+07
  5291.81889  6.27204E+07
  5292.70102  6.26799E+07
  5293.58438  6.26413E+07
  5294.46710  6.26028E+07
  5295.35012  6.25623E+07
  5296.23343  6.25238E+07
  5297.11703  6.24853E+07
  5298.00093  6.24448E+07
  5298.88419  6.24064E+07
  5299.76868  6.23679E+07
  5300.65253  6.23295E+07
  5301.53667  6.22891E+07
  5302.42111  6.22508E+07
  5303.30490  6.22124E+07
  5304.18993  6.21721E+07
  5305.07431  6.21338E+07
  5305.95993  6.20955E+07
  5306.84490  6.20572E+07
  5307.73017  6.20170E+07
  5308.61574  6.19787E+07
  5309.50066  6.19405E+07
  5310.38681  6.19023E+07
  5311.27232  6.18621E+07
  5312.15813  6.18240E+07
  5313.04423  6.17858E+07
  5313.93063  6.17477E+07
  5314.81732  6.17076E+07
  5315.70337  6.16695E+07
  5316.59065  6.16314E+07
  5317.47729  6.15933E+07
  5318.36422  6.15534E+07
  5319.25145  6.15153E+07
  5320.13898  6.14773E+07
  5321.02585  6.14393E+07
  5321.91397  6.14014E+07
  5322.80144  6.13615E+07
  5323.68920  6.13235E+07
  5324.57727  6.12856E+07
  5325.46562  6.12477E+07
  5326.35428  6.12079E+07
  5327.24228  6.11701E+07
  5328.13058  6.11322E+07
  5329.02012  6.10944E+07
  5329.90902  6.10566E+07
  5330.79726  6.10169E+07
  5331.68674  6.09791E+07
  5332.57653  6.09414E+07
  5333.46566  6.09036E+07
  5334.35508  6.08659E+07
  5335.24576  6.08263E+07
  5336.13483  6.07886E+07
  5337.02515  6.07510E+07
  5337.91576  6.07133E+07
  5338.80572  6.06757E+07
  5339.69693  6.06381E+07
  5340.58749  6.05986E+07
  5341.47834  6.05610E+07
  5342.36949  6.05235E+07
  5343.25998  6.04860E+07
  5344.15173  6.04485E+07
  5345.04282  6.04110E+07
  5345.93420  6.03716E+07
  5346.82684  6.03341E+07
  5347.71787  6.02967E+07
  5348.61015  6.02593E+07
  5349.50272  6.02219E+07
  5350.39464  6.01845E+07
  5351.28782  6.01452E+07
  5352.18033  6.01079E+07
  5353.07314  6.00706E+07
  5353.96530  6.00333E+07
  5354.85870  5.99960E+07
  5355.75241  5.99587E+07
  5356.64546  5.99215E+07
  5357.53880  5.98823E+07
  5358.43245  5.98451E+07
  5359.32639  5.98079E+07
  5360.22063  5.97707E+07
  5361.11421  5.97336E+07
  5362.00904  5.96964E+07
  5362.90322  5.96593E+07
  5363.79769  5.96222E+07
  5364.69247  5.95851E+07
  5365.58754  5.95461E+07
  5366.48291  5.95091E+07
  5367.37762  5.94721E+07
  5368.27262  5.94350E+07
  5369.16889  5.93980E+07
  5370.06449  5.93611E+07
  5370.95943  5.93241E+07
  5371.85563  5.92872E+07
  5372.75213  5.92502E+07
  5373.64797  5.92133E+07
  5374.54410  5.91765E+07
  5375.44054  5.91377E+07
  5376.33727  5.91008E+07
  5377.23430  5.90640E+07
  5378.13163  5.90272E+07
  5379.02830  5.89904E+07
  5379.92526  5.89536E+07
  5380.82349  5.89168E+07
  5381.72106  5.88801E+07
  5382.61795  5.88434E+07
  5383.51611  5.88067E+07
  5384.41458  5.87700E+07
  5385.31237  5.87333E+07
  5386.21047  5.86967E+07
  5387.10886  5.86600E+07
  5388.00755  5.86234E+07
  5388.90655  5.85868E+07
  5389.80584  5.85483E+07
  5390.70446  5.85118E+07
  5391.60339  5.84752E+07
  5392.50358  5.84387E+07
  5393.40310  5.84022E+07
  5394.30196  5.83657E+07
  5395.20208  5.83292E+07
  5396.10251  5.82928E+07
  5397.00226  5.82563E+07
  5397.90231  5.82199E+07
  5398.80266  5.81835E+07
  5399.70332  5.81471E+07
  5400.60427  5.81108E+07
  5401.50456  5.80744E+07
  5402.40611  5.80381E+07
  5403.30699  5.80018E+07
  5404.20818  5.79655E+07
  5405.10966  5.79292E+07
  5406.01145  5.78929E+07
  5406.91353  5.78567E+07
  5407.81494  5.78205E+07
  5408.71763  5.77843E+07
  5409.61964  5.77481E+07
  5410.52196  5.77119E+07
  5411.42457  5.76758E+07
  5412.32749  5.76396E+07
  5413.22973  5.76035E+07
  5414.13324  5.75674E+07
  5415.03609  5.75313E+07
  5415.93923  5.74953E+07
  5416.84267  5.74592E+07
  5417.74642  5.74232E+07
  5418.65047  5.73872E+07
  5419.55384  5.73512E+07
  5420.45751  5.73152E+07
  5421.36246  5.72811E+07
  5422.26673  5.72452E+07
  5423.17131  5.72092E+07
  5424.07520  5.71733E+07
  5424.98038  5.71374E+07
  5425.88488  5.71016E+07
  5426.79066  5.70657E+07
  5427.69577  5.70299E+07
  5428.60117  5.69941E+07
  5429.50688  5.69582E+07
  5430.41190  5.69225E+07
  5431.31821  5.68867E+07
  5432.22384  5.68510E+07
  5433.12978  5.68152E+07
  5434.03601  5.67795E+07
  5434.94254  5.67438E+07
  5435.84938  5.67100E+07
  5436.75652  5.66743E+07
  5437.66298  5.66387E+07
  5438.56974  5.66031E+07
  5439.47779  5.65674E+07
  5440.38516  5.65319E+07
  5441.29184  5.64963E+07
  5442.19981  5.64607E+07
  5443.10808  5.64252E+07
  5444.01567  5.63897E+07
  5444.92356  5.63542E+07
  5445.83175  5.63205E+07
  5446.74025  5.62851E+07
  5447.64905  5.62496E+07
  5448.55716  5.62142E+07
  5449.46657  5.61788E+07
  5450.37529  5.61434E+07
  5451.28431  5.61080E+07
  5452.19363  5.60726E+07
  5453.10326  5.60391E+07
  5454.01319  5.60038E+07
  5454.92244  5.59685E+07
  5455.83298  5.59332E+07
  5456.74283  5.58979E+07
  5457.65298  5.58626E+07
  5458.56344  5.58274E+07
  5459.47420  5.57921E+07
  5460.38427  5.57588E+07
  5461.29564  5.57236E+07
  5462.20631  5.56884E+07
  5463.11730  5.56532E+07
  5464.02858  5.56181E+07
  5464.94017  5.55830E+07
  5465.85206  5.55497E+07
  5466.76326  5.55146E+07
  5467.67577  5.54795E+07
  5468.58758  5.54445E+07
  5469.49969  5.54094E+07
  5470.41211  5.53744E+07
  5471.32483  5.53412E+07
  5472.23786  5.53063E+07
  5473.15019  5.52713E+07
  5474.06282  5.52363E+07
  5474.97676  5.52014E+07
  5475.89001  5.51665E+07
  5476.80256  5.51334E+07
  5477.71641  5.50985E+07
  5478.63057  5.50636E+07
  5479.54404  5.50288E+07
  5480.45781  5.49940E+07
  5481.37288  5.49610E+07
  5482.28626  5.49262E+07
  5483.20094  5.48914E+07
  5484.11593  5.48566E+07
  5485.03022  5.48219E+07
  5485.94582  5.47890E+07
  5486.86072  5.47542E+07
  5487.77592  5.47196E+07
  5488.69143  5.46849E+07
  5489.60725  5.46502E+07
  5490.52236  5.46174E+07
  5491.43879  5.45827E+07
  5492.35452  5.45481E+07
  5493.27055  5.45135E+07
  5494.18689  5.44808E+07
  5495.10353  5.44462E+07
  5496.02048  5.44117E+07
  5496.93673  5.43771E+07
  5497.85429  5.43444E+07
  5498.77115  5.43099E+07
  5499.68832  5.42755E+07
  5500.60579  5.42410E+07
  5501.52356  5.42084E+07
  5502.44064  5.41739E+07
  5503.35903  5.41395E+07
  5504.27671  5.41051E+07
  5505.19470  5.40726E+07
  5506.11300  5.40382E+07
  5507.03161  5.40039E+07
  5507.95052  5.39695E+07
  5508.86872  5.39370E+07
  5509.78825  5.39027E+07
  5510.70706  5.38684E+07
  5511.62619  5.38342E+07
  5512.54562  5.38017E+07
  5513.46536  5.37675E+07
  5514.38439  5.37333E+07
  5515.30474  5.37009E+07
  5516.22438  5.36667E+07
  5517.14433  5.36326E+07
  5518.06561  5.35984E+07
  5518.98515  5.35661E+07
  5519.90603  5.35320E+07
  5520.82720  5.34979E+07
  5521.74767  5.34656E+07
  5522.66845  5.34316E+07
  5523.59055  5.33975E+07
  5524.51194  5.33635E+07
  5525.43262  5.33313E+07
  5526.35463  5.32973E+07
  5527.27694  5.32633E+07
  5528.19854  5.32311E+07
  5529.12045  5.31972E+07
  5530.04267  5.31633E+07
  5530.96519  5.31311E+07
  5531.88802  5.30972E+07
  5532.81116  5.30634E+07
  5533.73359  5.30313E+07
  5534.65735  5.29974E+07
  5535.58039  5.29636E+07
  5536.50374  5.29316E+07
  5537.42740  5.28978E+07
  5538.35034  5.28640E+07
  5539.27462  5.28320E+07
  5540.19818  5.27983E+07
  5541.12307  5.27646E+07
  5542.04724  5.27326E+07
  5542.97173  5.26989E+07
  5543.89652  5.26652E+07
  5544.82059  5.26334E+07
  5545.74600  5.25997E+07
  5546.67070  5.25679E+07
  5547.59570  5.25343E+07
  5548.52101  5.25007E+07
  5549.44662  5.24689E+07
  5550.37255  5.24353E+07
  5551.29879  5.24017E+07
  5552.22430  5.23700E+07
  5553.15116  5.23365E+07
  5554.07729  5.23047E+07
  5555.00373  5.22713E+07
  5555.93049  5.22378E+07
  5556.85652  5.22061E+07
  5557.78389  5.21727E+07
  5558.71054  5.21410E+07
  5559.63853  5.21076E+07
  5560.56580  5.20742E+07
  5561.49337  5.20426E+07
  5562.42023  5.20093E+07
  5563.34842  5.19777E+07
  5564.27693  5.19444E+07
  5565.20471  5.19111E+07
  5566.13280  5.18796E+07
  5567.06121  5.18463E+07
  5567.98992  5.18148E+07
  5568.91894  5.17816E+07
  5569.84827  5.17483E+07
  5570.77688  5.17169E+07
  5571.70579  5.16837E+07
  5572.63605  5.16523E+07
  5573.56559  5.16191E+07
  5574.49544  5.15878E+07
  5575.42456  5.15546E+07
  5576.35502  5.15215E+07
  5577.28476  5.14902E+07
  5578.21585  5.14571E+07
  5579.14621  5.14258E+07
  5580.07688  5.13928E+07
  5581.00682  5.13615E+07
  5581.93812  5.13285E+07
  5582.86972  5.12972E+07
  5583.80059  5.12642E+07
  5584.73178  5.12313E+07
  5585.66327  5.12001E+07
  5586.59507  5.11672E+07
  5587.52719  5.11360E+07
  5588.45962  5.11031E+07
  5589.39131  5.10720E+07
  5590.32436  5.10391E+07
  5591.25668  5.10080E+07
  5592.18931  5.09751E+07
  5593.12225  5.09441E+07
  5594.05446  5.09113E+07
  5594.98802  5.08802E+07
  5595.92085  5.08475E+07
  5596.85504  5.08164E+07
  5597.78849  5.07837E+07
  5598.72225  5.07527E+07
  5599.65633  5.07200E+07
  5600.58967  5.06891E+07
  5601.52437  5.06564E+07
  5602.45833  5.06255E+07
  5603.39365  5.05928E+07
  5604.32824  5.05619E+07
  5605.26314  5.05293E+07
  5606.19730  5.04985E+07
  5607.13282  5.04659E+07
  5608.06866  5.04350E+07
  5609.00375  5.04025E+07
  5609.93916  5.03717E+07
  5610.87489  5.03392E+07
  5611.81092  5.03084E+07
  5612.74727  5.02759E+07
  5613.68287  5.02452E+07
  5614.61984  5.02127E+07
  5615.55608  5.01820E+07
  5616.49262  5.01496E+07
  5617.42948  5.01189E+07
  5618.36664  5.00865E+07
  5619.30413  5.00559E+07
  5620.24192  5.00252E+07
  5621.17897  4.99929E+07
  5622.11634  4.99623E+07
  5623.05402  4.99300E+07
  5623.99201  4.98994E+07
  5624.93032  4.98671E+07
  5625.86893  4.98366E+07
  5626.80681  4.98043E+07
  5627.74605  4.97738E+07
  5628.68455  4.97433E+07
  5629.62337  4.97111E+07
  5630.56249  4.96807E+07
  5631.50193  4.96485E+07
  5632.44169  4.96181E+07
  5633.38070  4.95859E+07
  5634.32002  4.95555E+07
  5635.26071  4.95251E+07
  5636.20066  4.94930E+07
  5637.14092  4.94627E+07
  5638.08044  4.94306E+07
  5639.02133  4.94003E+07
  5639.96147  4.93700E+07
  5640.90299  4.93379E+07
  5641.84376  4.93077E+07
  5642.78485  4.92757E+07
  5643.72624  4.92454E+07
  5644.66796  4.92135E+07
  5645.60892  4.91832E+07
  5646.55126  4.91530E+07
  5647.49285  4.91211E+07
  5648.43476  4.90910E+07
  5649.37698  4.90608E+07
  5650.31951  4.90289E+07
  5651.26129  4.89988E+07
  5652.20446  4.89670E+07
  5653.14687  4.89369E+07
  5654.09066  4.89068E+07
  5655.03370  4.88750E+07
  5655.97706  4.88449E+07
  5656.92073  4.88149E+07
  5657.86365  4.87831E+07
  5658.80795  4.87531E+07
  5659.75149  4.87214E+07
  5660.69535  4.86914E+07
  5661.63953  4.86615E+07
  5662.58402  4.86298E+07
  5663.52883  4.85999E+07
  5664.47395  4.85699E+07
  5665.41831  4.85383E+07
  5666.36300  4.85084E+07
  5667.30906  4.84785E+07
  5668.25438  4.84469E+07
  5669.20000  4.84171E+07
  5670.14487  4.83873E+07
  5671.09113  4.83557E+07
  5672.03663  4.83259E+07
  5672.98352  4.82961E+07
  5673.92965  4.82647E+07
  5674.87610  4.82349E+07
  5675.82286  4.82051E+07
  5676.76887  4.81737E+07
  5677.71626  4.81440E+07
  5678.66290  4.81143E+07
  5679.61093  4.80829E+07
  5680.55819  4.80532E+07
  5681.50578  4.80236E+07
  5682.45368  4.79922E+07
  5683.40082  4.79626E+07
  5684.34935  4.79330E+07
  5685.29712  4.79034E+07
  5686.24628  4.78721E+07
  5687.19469  4.78425E+07
  5688.14341  4.78129E+07
  5689.09136  4.77817E+07
  5690.04071  4.77522E+07
  5690.99038  4.77227E+07
  5691.93929  4.76932E+07
  5692.88851  4.76620E+07
  5693.83805  4.76325E+07
  5694.78791  4.76031E+07
  5695.73808  4.75719E+07
  5696.68857  4.75425E+07
  5697.63829  4.75131E+07
  5698.58833  4.74837E+07
  5699.53977  4.74543E+07
  5700.49045  4.74232E+07
  5701.44144  4.73939E+07
  5702.39167  4.73646E+07
  5703.34329  4.73352E+07
  5704.29415  4.73059E+07
  5705.24641  4.72749E+07
  5706.19791  4.72457E+07
  5707.14972  4.72164E+07
  5708.10184  4.71871E+07
  5709.05429  4.71579E+07
  5710.00597  4.71270E+07
  5710.95905  4.70978E+07
  5711.91136  4.70686E+07
  5712.86399  4.70394E+07
  5713.81694  4.70102E+07
  5714.77020  4.69794E+07
  5715.72378  4.69503E+07
  5716.67659  4.69211E+07
  5717.63081  4.68920E+07
  5718.58426  4.68629E+07
  5719.53803  4.68322E+07
  5720.49211  4.68031E+07
  5721.44651  4.67740E+07
  5722.40123  4.67450E+07
  5723.35518  4.67160E+07
  5724.30944  4.66870E+07
  5725.26512  4.66580E+07
  5726.22002  4.66273E+07
  5727.17524  4.65984E+07
  5728.13077  4.65694E+07
  5729.08554  4.65405E+07
  5730.04171  4.65115E+07
  5730.99711  4.64826E+07
  5731.95283  4.64521E+07
  5732.90996  4.64232E+07
  5733.86522  4.63943E+07
  5734.82190  4.63655E+07
  5735.77889  4.63366E+07
  5736.73511  4.63078E+07
  5737.69274  4.62790E+07
  5738.64959  4.62485E+07
  5739.60677  4.62197E+07
  5740.56426  4.61910E+07
  5741.52207  4.61622E+07
  5742.47910  4.61335E+07
  5743.43755  4.61047E+07
  5744.39522  4.60760E+07
  5745.35321  4.60473E+07
  5746.31262  4.60186E+07
  5747.27015  4.59883E+07
  5748.22910  4.59597E+07
  5749.18837  4.59310E+07
  5750.14685  4.59024E+07
  5751.10676  4.58738E+07
  5752.06589  4.58452E+07
  5753.02533  4.58166E+07
  5753.98510  4.57880E+07
  5754.94519  4.57595E+07
  5755.90449  4.57293E+07
  5756.86521  4.57007E+07
  5757.82516  4.56722E+07
  5758.78542  4.56437E+07
  5759.74600  4.56152E+07
  5760.70690  4.55867E+07
  5761.66813  4.55583E+07
  5762.62856  4.55298E+07
  5763.59043  4.55014E+07
  5764.55150  4.54730E+07
  5765.51290  4.54446E+07
  5766.47462  4.54162E+07
  5767.43666  4.53878E+07
  5768.39902  4.53578E+07
  5769.36059  4.53295E+07
  5770.32359  4.53011E+07
  5771.28581  4.52728E+07
  5772.24834  4.52445E+07
  5773.21120  4.52162E+07
  5774.17437  4.51879E+07
  5775.13787  4.51597E+07
  5776.10058  4.51314E+07
  5777.06472  4.51032E+07
  5778.02807  4.50750E+07
  5778.99174  4.50467E+07
  5779.95573  4.50186E+07
  5780.92004  4.49904E+07
  5781.88468  4.49622E+07
  5782.84852  4.49340E+07
  5783.81380  4.49059E+07
  5784.77828  4.48778E+07
  5785.74309  4.48497E+07
  5786.70822  4.48216E+07
  5787.67367  4.47935E+07
  5788.63944  4.47654E+07
  5789.60441  4.47374E+07
  5790.57083  4.47093E+07
  5791.53645  4.46813E+07
  5792.50240  4.46533E+07
  5793.46866  4.46253E+07
  5794.43525  4.45973E+07
  5795.40216  4.45693E+07
  5796.36827  4.45413E+07
  5797.33583  4.45134E+07
  5798.30258  4.44854E+07
  5799.26966  4.44575E+07
  5800.23706  4.44296E+07
  5801.20479  4.44017E+07
  5802.17171  4.43738E+07
  5803.14008  4.43460E+07
  5804.10765  4.43181E+07
  5805.07667  4.42903E+07
  5806.04488  4.42625E+07
  5807.01342  4.42346E+07
  5807.98116  4.42069E+07
  5808.95034  4.41791E+07
  5809.91985  4.41513E+07
  5810.88856  4.41235E+07
  5811.85759  4.40958E+07
  5812.82694  4.40681E+07
  5813.79661  4.40403E+07
  5814.76661  4.40126E+07
  5815.73694  4.39849E+07
  5816.70645  4.39573E+07
  5817.67742  4.39296E+07
  5818.64759  4.39036E+07
  5819.61808  4.38760E+07
  5820.58889  4.38483E+07
  5821.56003  4.38207E+07
  5822.53035  4.37931E+07
  5823.50214  4.37655E+07
  5824.47312  4.37380E+07
  5825.44555  4.37104E+07
  5826.41717  4.36829E+07
  5827.38912  4.36554E+07
  5828.36026  4.36279E+07
  5829.33286  4.36020E+07
  5830.30578  4.35745E+07
  5831.27790  4.35470E+07
  5832.25033  4.35195E+07
  5833.22309  4.34921E+07
  5834.19618  4.34647E+07
  5835.16959  4.34372E+07
  5836.14332  4.34114E+07
  5837.11625  4.33841E+07
  5838.09063  4.33567E+07
  5839.06421  4.33293E+07
  5840.03810  4.33020E+07
  5841.01233  4.32746E+07
  5841.98688  4.32473E+07
  5842.96061  4.32216E+07
  5843.93581  4.31943E+07
  5844.91019  4.31670E+07
  5845.88604  4.31397E+07
  5846.86107  4.31125E+07
  5847.83643  4.30868E+07
  5848.81098  4.30596E+07
  5849.78699  4.30324E+07
  5850.76333  4.30052E+07
  5851.73884  4.29780E+07
  5852.71469  4.29524E+07
  5853.69086  4.29252E+07
  5854.66736  4.28981E+07
  5855.64418  4.28709E+07
  5856.62133  4.28454E+07
  5857.59766  4.28183E+07
  5858.57546  4.27912E+07
  5859.55244  4.27641E+07
  5860.52975  4.27370E+07
  5861.50738  4.27116E+07
  5862.48534  4.26845E+07
  5863.46362  4.26575E+07
  5864.44109  4.26321E+07
  5865.41888  4.26051E+07
  5866.39815  4.25781E+07
  5867.37659  4.25511E+07
  5868.35536  4.25257E+07
  5869.33446  4.24987E+07
  5870.31273  4.24718E+07
  5871.29248  4.24465E+07
  5872.27141  4.24196E+07
  5873.25066  4.23927E+07
  5874.23139  4.23673E+07
  5875.21130  4.23405E+07
  5876.19038  4.23136E+07
  5877.17094  4.22883E+07
  5878.15183  4.22615E+07
  5879.13189  4.22347E+07
  5880.11228  4.22095E+07
  5881.09300  4.21827E+07
  5882.07404  4.21559E+07
  5883.05541  4.21307E+07
  5884.03711  4.21039E+07
  5885.01798  4.20772E+07
  5886.00033  4.20520E+07
  5886.98186  4.20253E+07
  5887.96371  4.20002E+07
  5888.94589  4.19735E+07
  5889.92840  4.19468E+07
  5890.91124  4.19217E+07
  5891.89324  4.18951E+07
  5892.87673  4.18700E+07
  5893.85939  4.18434E+07
  5894.84238  4.18183E+07
  5895.82570  4.17917E+07
  5896.80934  4.17651E+07
  5897.79332  4.17401E+07
  5898.77646  4.17136E+07
  5899.76109  4.16886E+07
  5900.74489  4.16621E+07
  5901.72901  4.16371E+07
  5902.71346  4.16106E+07
  5903.69825  4.15857E+07
  5904.68336  4.15592E+07
  5905.66763  4.15343E+07
  5906.65340  4.15078E+07
  5907.63833  4.14829E+07
  5908.62360  4.14565E+07
  5909.60919  4.14316E+07
  5910.59510  4.14052E+07
  5911.58135  4.13804E+07
  5912.56676  4.13540E+07
  5913.55367  4.13292E+07
  5914.53974  4.13028E+07
  5915.52613  4.12781E+07
  5916.51286  4.12517E+07
  5917.49992  4.12270E+07
  5918.48730  4.12007E+07
  5919.47502  4.11759E+07
  5920.46189  4.11496E+07
  5921.44910  4.11249E+07
  5922.43780  4.10987E+07
  5923.42566  4.10740E+07
  5924.41268  4.10493E+07
  5925.40121  4.10231E+07
  5926.39006  4.09985E+07
  5927.37807  4.09723E+07
  5928.36758  4.09476E+07
  5929.35625  4.09215E+07
  5930.34525  4.08969E+07
  5931.33458  4.08723E+07
  5932.32424  4.08461E+07
  5933.31305  4.08216E+07
  5934.30337  4.07955E+07
  5935.29285  4.07709E+07
  5936.28265  4.07464E+07
  5937.27279  4.07203E+07
  5938.26325  4.06958E+07
  5939.25405  4.06714E+07
  5940.24518  4.06453E+07
  5941.23546  4.06209E+07
  5942.22725  4.05948E+07
  5943.21819  4.05704E+07
  5944.20946  4.05460E+07
  5945.20106  4.05200E+07
  5946.19299  4.04956E+07
  5947.18408  4.04712E+07
  5948.17667  4.04453E+07
  5949.16842  4.04209E+07
  5950.16168  4.03965E+07
  5951.15408  4.03706E+07
  5952.14682  4.03463E+07
  5953.13871  4.03220E+07
  5954.13211  4.02961E+07
  5955.12585  4.02718E+07
  5956.11873  4.02476E+07
  5957.11194  4.02217E+07
  5958.10667  4.01975E+07
  5959.09936  4.01732E+07
  5960.09356  4.01474E+07
  5961.08810  4.01232E+07
  5962.08297  4.00990E+07
  5963.07699  4.00732E+07
  5964.07134  4.00491E+07
  5965.06602  4.00249E+07
  5966.06221  3.99992E+07
  5967.05637  3.99750E+07
  5968.05204  3.99509E+07
  5969.04805  3.99252E+07
  5970.04320  3.99011E+07
  5971.03869  3.98770E+07
  5972.03569  3.98529E+07
  5973.03184  3.98272E+07
  5974.02832  3.98032E+07
  5975.02394  3.97791E+07
  5976.02108  3.97535E+07
  5977.01737  3.97295E+07
  5978.01518  3.97055E+07
  5979.01213  3.96814E+07
  5980.00941  3.96559E+07
  5981.00703  3.96319E+07
  5982.00498  3.96079E+07
  5983.00207  3.95824E+07
  5984.00068  3.95585E+07
  5984.99844  3.95345E+07
  5985.99652  3.95106E+07
  5986.99494  3.94852E+07
  5987.99369  3.94613E+07
  5988.99278  3.94374E+07
  5989.99220  3.94119E+07
  5990.99075  3.93881E+07
  5991.99084  3.93642E+07
  5992.99006  3.93404E+07
  5993.98961  3.93150E+07
  5994.98950  3.92912E+07
  5995.98972  3.92673E+07
  5996.99028  3.92435E+07
  5997.98997  3.92182E+07
  5998.99119  3.91944E+07
  5999.99155  3.91707E+07
  6000.99224  3.91454E+07
  6001.99326  3.91216E+07
  6002.99462  3.90979E+07
  6003.99632  3.90742E+07
  6004.99714  3.90490E+07
  6005.99950  3.90253E+07
  6007.00099  3.90016E+07
  6008.00282  3.89779E+07
  6009.00498  3.89527E+07
  6010.00747  3.89291E+07
  6011.01030  3.89054E+07
  6012.01226  3.88803E+07
  6013.01576  3.88567E+07
  6014.01838  3.88331E+07
  6015.02134  3.88095E+07
  6016.02464  3.87844E+07
  6017.02827  3.87608E+07
  6018.03224  3.87372E+07
  6019.03654  3.87137E+07
  6020.03996  3.86886E+07
  6021.04372  3.86651E+07
  6022.04903  3.86416E+07
  6023.05346  3.86181E+07
  6024.05823  3.85931E+07
  6025.06212  3.85696E+07
  6026.06755  3.85461E+07
  6027.07333  3.85212E+07
  6028.07822  3.84977E+07
  6029.08345  3.84743E+07
  6030.08902  3.84509E+07
  6031.09492  3.84260E+07
  6032.10116  3.84026E+07
  6033.10773  3.83792E+07
  6034.11464  3.83558E+07
  6035.12067  3.83309E+07
  6036.12704  3.83076E+07
  6037.13374  3.82842E+07
  6038.14077  3.82609E+07
  6039.14815  3.82361E+07
  6040.15586  3.82128E+07
  6041.16390  3.81895E+07
  6042.17107  3.81647E+07
  6043.17857  3.81414E+07
  6044.18640  3.81182E+07
  6045.19579  3.80949E+07
  6046.20308  3.80702E+07
  6047.21193  3.80469E+07
  6048.22111  3.80237E+07
  6049.22941  3.80005E+07
  6050.23926  3.79758E+07
  6051.24823  3.79526E+07
  6052.25754  3.79295E+07
  6053.26719  3.79048E+07
  6054.27717  3.78817E+07
  6055.28626  3.78585E+07
  6056.29692  3.78354E+07
  6057.30669  3.78108E+07
  6058.31802  3.77877E+07
  6059.32846  3.77646E+07
  6060.33924  3.77415E+07
  6061.34913  3.77170E+07
  6062.36058  3.76939E+07
  6063.37238  3.76708E+07
  6064.38328  3.76463E+07
  6065.39452  3.76233E+07
  6066.40732  3.76003E+07
  6067.41924  3.75773E+07
  6068.43026  3.75528E+07
  6069.44285  3.75298E+07
  6070.45578  3.75069E+07
  6071.46782  3.74839E+07
  6072.48142  3.74595E+07
  6073.49413  3.74365E+07
  6074.50718  3.74136E+07
  6075.52057  3.73892E+07
  6076.53306  3.73663E+07
  6077.54713  3.73434E+07
  6078.56153  3.73206E+07
  6079.57504  3.72962E+07
  6080.58888  3.72734E+07
  6081.60306  3.72505E+07
  6082.61759  3.72262E+07
  6083.63245  3.72034E+07
  6084.64765  3.71806E+07
  6085.66195  3.71578E+07
  6086.67783  3.71335E+07
  6087.69281  3.71107E+07
  6088.70813  3.70880E+07
  6089.72378  3.70652E+07
  6090.73978  3.70410E+07
  6091.75611  3.70183E+07
  6092.77155  3.69955E+07
  6093.78856  3.69713E+07
  6094.80468  3.69487E+07
  6095.82113  3.69260E+07
  6096.83792  3.69033E+07
  6097.85505  3.68792E+07
  6098.87252  3.68565E+07
  6099.88909  3.68339E+07
  6100.90724  3.68112E+07
  6101.92449  3.67871E+07
  6102.94332  3.67645E+07
  6103.96124  3.67419E+07
  6104.97951  3.67179E+07
  6105.99687  3.66953E+07
  6107.01581  3.66727E+07
  6108.03510  3.66502E+07
  6109.05348  3.66262E+07
  6110.07220  3.66036E+07
  6111.09126  3.65811E+07
  6112.11066  3.65586E+07
  6113.13040  3.65347E+07
  6114.15048  3.65122E+07
  6115.16965  3.64897E+07
  6116.19041  3.64672E+07
  6117.21027  3.64433E+07
  6118.23046  3.64209E+07
  6119.25099  3.63984E+07
  6120.27187  3.63746E+07
  6121.29308  3.63521E+07
  6122.31464  3.63297E+07
  6123.33529  3.63074E+07
  6124.35627  3.62835E+07
  6125.37885  3.62612E+07
  6126.40052  3.62388E+07
  6127.42253  3.62165E+07
  6128.44488  3.61927E+07
  6129.46631  3.61704E+07
  6130.48935  3.61480E+07
  6131.51147  3.61257E+07
  6132.53393  3.61020E+07
  6133.55798  3.60797E+07
  6134.57987  3.60575E+07
  6135.60335  3.60352E+07
  6136.62718  3.60115E+07
  6137.65135  3.59893E+07
  6138.67460  3.59670E+07
  6139.69819  3.59448E+07
  6140.72338  3.59212E+07
  6141.74766  3.58990E+07
  6142.77228  3.58768E+07
  6143.79598  3.58546E+07
  6144.82128  3.58310E+07
  6145.84567  3.58089E+07
  6146.87165  3.57868E+07
  6147.89672  3.57646E+07
  6148.92213  3.57411E+07
  6149.94788  3.57190E+07
  6150.97397  3.56969E+07
  6152.00041  3.56748E+07
  6153.02593  3.56513E+07
  6154.05179  3.56292E+07
  6155.07925  3.56072E+07
  6156.10579  3.55851E+07
  6157.13268  3.55617E+07
  6158.15991  3.55396E+07
  6159.18748  3.55176E+07
  6160.21412  3.54957E+07
  6161.24238  3.54737E+07
  6162.26971  3.54502E+07
  6163.29739  3.54283E+07
  6164.32541  3.54063E+07
  6165.35377  3.53844E+07
  6166.38247  3.53610E+07
  6167.41152  3.53391E+07
  6168.43964  3.53172E+07
  6169.46811  3.52953E+07
  6170.49819  3.52734E+07
  6171.52734  3.52501E+07
  6172.55683  3.52282E+07
  6173.58667  3.52064E+07
  6174.61558  3.51846E+07
  6175.64611  3.51613E+07
  6176.67570  3.51395E+07
  6177.70692  3.51176E+07
  6178.73720  3.50959E+07
  6179.76783  3.50741E+07
  6180.79880  3.50508E+07
  6181.82884  3.50291E+07
  6182.86050  3.50073E+07
  6183.89250  3.49856E+07
  6184.92357  3.49639E+07
  6185.95499  3.49407E+07
  6186.98675  3.49190E+07
  6188.01886  3.48973E+07
  6189.05130  3.48756E+07
  6190.08410  3.48539E+07
  6191.11596  3.48308E+07
  6192.14944  3.48091E+07
  6193.18199  3.47875E+07
  6194.21488  3.47659E+07
  6195.24812  3.47442E+07
  6196.28170  3.47212E+07
  6197.31562  3.46996E+07
  6198.34861  3.46780E+07
  6199.38323  3.46564E+07
  6200.41691  3.46348E+07
  6201.45093  3.46133E+07
  6202.48530  3.45903E+07
  6203.52002  3.45687E+07
  6204.55508  3.45472E+07
  6205.59048  3.45257E+07
  6206.62495  3.45042E+07
  6207.66104  3.44827E+07
  6208.69620  3.44598E+07
  6209.73170  3.44383E+07
  6210.76755  3.44168E+07
  6211.80374  3.43954E+07
  6212.84028  3.43739E+07
  6213.87587  3.43525E+07
  6214.91310  3.43296E+07
  6215.94939  3.43082E+07
  6216.98602  3.42868E+07
  6218.02300  3.42654E+07
  6219.06032  3.42440E+07
  6220.09799  3.42227E+07
  6221.13601  3.41999E+07
  6222.17308  3.41785E+07
  6223.21050  3.41572E+07
  6224.24956  3.41358E+07
  6225.28767  3.41145E+07
  6226.32612  3.40932E+07
  6227.36493  3.40719E+07
  6228.40278  3.40492E+07
  6229.44228  3.40279E+07
  6230.48083  3.40067E+07
  6231.52102  3.39854E+07
  6232.56026  3.39642E+07
  6233.59985  3.39429E+07
  6234.63978  3.39217E+07
  6235.68006  3.38991E+07
  6236.71939  3.38779E+07
  6237.76037  3.38567E+07
  6238.80039  3.38355E+07
  6239.84077  3.38143E+07
  6240.88149  3.37932E+07
  6241.92255  3.37720E+07
  6242.96396  3.37509E+07
  6244.00573  3.37283E+07
  6245.04783  3.37072E+07
  6246.08899  3.36861E+07
  6247.13049  3.36650E+07
  6248.17234  3.36439E+07
  6249.21584  3.36228E+07
  6250.25708  3.36017E+07
  6251.29998  3.35807E+07
  6252.34322  3.35596E+07
  6253.38550  3.35372E+07
  6254.42944  3.35161E+07
  6255.47242  3.34951E+07
  6256.51575  3.34741E+07
  6257.55942  3.34531E+07
  6258.60345  3.34321E+07
  6259.64782  3.34112E+07
  6260.69124  3.33902E+07
  6261.73631  3.33692E+07
  6262.78042  3.33483E+07
  6263.82487  3.33274E+07
  6264.86968  3.33050E+07
  6265.91484  3.32841E+07
  6266.96034  3.32632E+07
  6268.00488  3.32423E+07
  6269.05109  3.32214E+07
  6270.09633  3.32006E+07
  6271.14323  3.31797E+07
  6272.18916  3.31588E+07
  6273.23545  3.31380E+07
  6274.28077  3.31172E+07
  6275.32776  3.30963E+07
  6276.37509  3.30755E+07
  6277.42146  3.30547E+07
  6278.46949  3.30325E+07
  6279.51656  3.30118E+07
  6280.56398  3.29910E+07
  6281.61174  3.29702E+07
  6282.65854  3.29495E+07
  6283.70701  3.29287E+07
  6284.75582  3.29080E+07
  6285.80367  3.28873E+07
  6286.85187  3.28666E+07
  6287.90041  3.28459E+07
  6288.94931  3.28252E+07
  6289.99855  3.28045E+07
  6291.04815  3.27838E+07
  6292.09678  3.27632E+07
  6293.14707  3.27425E+07
  6294.19640  3.27219E+07
  6295.24607  3.27013E+07
  6296.29742  3.26806E+07
  6297.34648  3.26600E+07
  6298.39720  3.26394E+07
  6299.44828  3.26188E+07
  6300.49838  3.25983E+07
  6301.55016  3.25777E+07
  6302.60097  3.25571E+07
  6303.65212  3.25366E+07
  6304.70363  3.25147E+07
  6305.75548  3.24941E+07
  6306.80769  3.24736E+07
  6307.85892  3.24531E+07
  6308.91183  3.24326E+07
  6309.96377  3.24121E+07
  6311.01605  3.23917E+07
  6312.06869  3.23712E+07
  6313.12167  3.23507E+07
  6314.17501  3.23303E+07
  6315.22870  3.23098E+07
  6316.28141  3.22894E+07
  6317.33580  3.22690E+07
  6318.38921  3.22486E+07
  6319.44298  3.22282E+07
  6320.49709  3.22078E+07
  6321.55156  3.21874E+07
  6322.60638  3.21671E+07
  6323.66155  3.21467E+07
  6324.71574  3.21264E+07
  6325.77028  3.21060E+07
  6326.82651  3.20871E+07
  6327.88175  3.20668E+07
  6328.93735  3.20464E+07
  6329.99330  3.20261E+07
  6331.04826  3.20059E+07
  6332.10491  3.19856E+07
  6333.16058  3.19653E+07
  6334.21794  3.19451E+07
  6335.27431  3.19248E+07
  6336.33104  3.19046E+07
  6337.38811  3.18843E+07
  6338.44420  3.18641E+07
  6339.50199  3.18439E+07
  6340.56012  3.18237E+07
  6341.61727  3.18035E+07
  6342.67477  3.17834E+07
  6343.73262  3.17632E+07
  6344.79083  3.17430E+07
  6345.84939  3.17229E+07
  6346.90830  3.17027E+07
  6347.96622  3.16826E+07
  6349.02584  3.16625E+07
  6350.08446  3.16424E+07
  6351.14344  3.16223E+07
  6352.20412  3.16022E+07
  6353.26247  3.15835E+07
  6354.32251  3.15634E+07
  6355.38290  3.15434E+07
  6356.44365  3.15233E+07
  6357.50340  3.15033E+07
  6358.56351  3.14832E+07
  6359.62397  3.14632E+07
  6360.68479  3.14432E+07
  6361.74595  3.14232E+07
  6362.80748  3.14032E+07
  6363.86935  3.13832E+07
  6364.93023  3.13633E+07
  6365.99147  3.13433E+07
  6367.05441  3.13247E+07
  6368.11635  3.13048E+07
  6369.17865  3.12848E+07
  6370.24130  3.12649E+07
  6371.30295  3.12450E+07
  6372.36631  3.12251E+07
  6373.42867  3.12052E+07
  6374.49274  3.11853E+07
  6375.55581  3.11654E+07
  6376.61923  3.11456E+07
  6377.68301  3.11271E+07
  6378.74714  3.11072E+07
  6379.81027  3.10874E+07
  6380.87512  3.10676E+07
  6381.93896  3.10478E+07
  6383.00451  3.10279E+07
  6384.06906  3.10082E+07
  6385.13397  3.09884E+07
  6386.19923  3.09686E+07
  6387.26348  3.09502E+07
  6388.32946  3.09304E+07
  6389.39442  3.09107E+07
  6390.46110  3.08909E+07
  6391.52678  3.08712E+07
  6392.59281  3.08515E+07
  6393.65920  3.08318E+07
  6394.72594  3.08121E+07
  6395.79304  3.07937E+07
  6396.85913  3.07741E+07
  6397.92694  3.07544E+07
  6398.99375  3.07347E+07
  6400.06090  3.07151E+07
  6401.12842  3.06954E+07
  6402.19629  3.06758E+07
  6403.26451  3.06575E+07
  6404.33310  3.06379E+07
  6405.40067  3.06183E+07
  6406.46859  3.05987E+07
  6407.53825  3.05791E+07
  6408.60689  3.05596E+07
  6409.67588  3.05413E+07
  6410.74523  3.05218E+07
  6411.81357  3.05022E+07
  6412.88364  3.04827E+07
  6413.95406  3.04632E+07
  6415.02347  3.04437E+07
  6416.09323  3.04255E+07
  6417.16336  3.04060E+07
  6418.23383  3.03865E+07
  6419.30467  3.03670E+07
  6420.37586  3.03476E+07
  6421.44604  3.03281E+07
  6422.51794  3.03100E+07
  6423.58883  3.02905E+07
  6424.66008  3.02711E+07
  6425.73168  3.02517E+07
  6426.80364  3.02323E+07
  6427.87596  3.02142E+07
  6428.94864  3.01948E+07
  6430.02029  3.01754E+07
  6431.09369  3.01561E+07
  6432.16606  3.01367E+07
  6433.23879  3.01173E+07
  6434.31187  3.00993E+07
  6435.38532  3.00800E+07
  6436.45912  3.00607E+07
  6437.53328  3.00413E+07
  6438.60642  3.00234E+07
  6439.67991  3.00041E+07
  6440.75515  2.99848E+07
  6441.82936  2.99655E+07
  6442.90393  2.99462E+07
  6443.97886  2.99283E+07
  6445.05276  2.99090E+07
  6446.12840  2.98898E+07
  6447.20302  2.98706E+07
  6448.27938  2.98527E+07
  6449.35472  2.98335E+07
  6450.43041  2.98142E+07
  6451.50646  2.97951E+07
  6452.58287  2.97759E+07
  6453.65964  2.97580E+07
  6454.73538  2.97388E+07
  6455.81287  2.97197E+07
  6456.88933  2.97005E+07
  6457.96615  2.96827E+07
  6459.04332  2.96636E+07
  6460.12086  2.96445E+07
  6461.19876  2.96254E+07
  6462.27562  2.96076E+07
  6463.35423  2.95885E+07
  6464.43181  2.95694E+07
  6465.51115  2.95503E+07
  6466.58945  2.95326E+07
  6467.66811  2.95135E+07
  6468.74712  2.94945E+07
  6469.82511  2.94755E+07
  6470.90485  2.94577E+07
  6471.98495  2.94387E+07
  6473.06401  2.94197E+07
  6474.14343  2.94007E+07
  6475.22321  2.93830E+07
  6476.30336  2.93641E+07
  6477.38386  2.93451E+07
  6478.46472  2.93274E+07
  6479.54455  2.93085E+07
  6480.62613  2.92895E+07
  6481.70668  2.92706E+07
  6482.78898  2.92530E+07
  6483.87025  2.92341E+07
  6484.95188  2.92152E+07
  6486.03246  2.91976E+07
  6487.11481  2.91787E+07
  6488.19752  2.91598E+07
  6489.27918  2.91410E+07
  6490.36121  2.91234E+07
  6491.44500  2.91045E+07
  6492.52775  2.90857E+07
  6493.61086  2.90682E+07
  6494.69293  2.90494E+07
  6495.77676  2.90305E+07
  6496.86096  2.90130E+07
  6497.94410  2.89942E+07
  6499.02761  2.89755E+07
  6500.11148  2.89580E+07
  6501.19572  2.89392E+07
  6502.28031  2.89205E+07
  6503.36526  2.89017E+07
  6504.45058  2.88843E+07
  6505.53485  2.88655E+07
  6506.62089  2.88468E+07
  6507.70589  2.88294E+07
  6508.79124  2.88107E+07
  6509.87696  2.87920E+07
  6510.96303  2.87746E+07
  6512.04948  2.87559E+07
  6513.13486  2.87373E+07
  6514.22203  2.87199E+07
  6515.30814  2.87013E+07
  6516.39462  2.86826E+07
  6517.48287  2.86653E+07
  6518.57007  2.86467E+07
  6519.65622  2.86293E+07
  6520.74414  2.86107E+07
  6521.83243  2.85921E+07
  6522.91966  2.85749E+07
  6524.00868  2.85563E+07
  6525.09664  2.85377E+07
  6526.18496  2.85204E+07
  6527.27364  2.85019E+07
  6528.36269  2.84833E+07
  6529.45068  2.84661E+07
  6530.54045  2.84476E+07
  6531.62917  2.84291E+07
  6532.71967  2.84119E+07
  6533.80911  2.83934E+07
  6534.89891  2.83762E+07
  6535.98908  2.83577E+07
  6537.07961  2.83392E+07
  6538.16908  2.83221E+07
  6539.26034  2.83036E+07
  6540.35054  2.82852E+07
  6541.44253  2.82680E+07
  6542.53345  2.82496E+07
  6543.62474  2.82325E+07
  6544.71640  2.82141E+07
  6545.80841  2.81957E+07
  6546.89936  2.81786E+07
  6547.99211  2.81602E+07
  6549.08379  2.81431E+07
  6550.17583  2.81247E+07
  6551.26967  2.81064E+07
  6552.36245  2.80893E+07
  6553.45415  2.80710E+07
  6554.54765  2.80539E+07
  6555.64152  2.80356E+07
  6556.73432  2.80173E+07
  6557.82891  2.80003E+07
  6558.92244  2.79820E+07
  6560.01633  2.79650E+07
  6561.11059  2.79467E+07
  6562.20521  2.79285E+07
  6563.30020  2.79115E+07
  6564.39411  2.78933E+07
  6565.48983  2.78763E+07
  6566.58448  2.78581E+07
  6567.68093  2.78411E+07
  6568.77630  2.78229E+07
  6569.87204  2.78047E+07
  6570.96815  2.77878E+07
  6572.06318  2.77696E+07
  6573.16002  2.77527E+07
  6574.25578  2.77346E+07
  6575.35335  2.77177E+07
  6576.44985  2.76995E+07
  6577.54671  2.76827E+07
  6578.64393  2.76645E+07
  6579.74153  2.76464E+07
  6580.83948  2.76296E+07
  6581.93636  2.76115E+07
  6583.03505  2.75946E+07
  6584.13267  2.75766E+07
  6585.23064  2.75598E+07
  6586.32899  2.75417E+07
  6587.42770  2.75249E+07
  6588.52677  2.75068E+07
  6589.62622  2.74901E+07
  6590.72458  2.74720E+07
  6591.82476  2.74540E+07
  6592.92385  2.74373E+07
  6594.02331  2.74193E+07
  6595.12459  2.74025E+07
  6596.22333  2.73845E+07
  6597.32389  2.73678E+07
  6598.42482  2.73498E+07
  6599.52612  2.73331E+07
  6600.62633  2.73152E+07
  6601.72691  2.72985E+07
  6602.82931  2.72806E+07
  6603.93062  2.72639E+07
  6605.03230  2.72460E+07
  6606.13289  2.72293E+07
  6607.23531  2.72114E+07
  6608.33809  2.71948E+07
  6609.43978  2.71769E+07
  6610.54184  2.71603E+07
  6611.64573  2.71424E+07
  6612.74853  2.71258E+07
  6613.85023  2.71080E+07
  6614.95376  2.70914E+07
  6616.05767  2.70736E+07
  6617.16193  2.70570E+07
  6618.26511  2.70392E+07
  6619.36866  2.70226E+07
  6620.47257  2.70049E+07
  6621.57685  2.69883E+07
  6622.68150  2.69705E+07
  6623.78652  2.69540E+07
  6624.89190  2.69363E+07
  6625.99619  2.69198E+07
  6627.10232  2.69020E+07
  6628.20734  2.68855E+07
  6629.31274  2.68678E+07
  6630.41851  2.68513E+07
  6631.52464  2.68349E+07
  6632.63114  2.68172E+07
  6633.73802  2.68007E+07
  6634.84379  2.67830E+07
  6635.95140  2.67666E+07
  6637.05791  2.67489E+07
  6638.16479  2.67325E+07
  6639.27204  2.67149E+07
  6640.37966  2.66985E+07
  6641.48765  2.66808E+07
  6642.59601  2.66645E+07
  6643.70327  2.66469E+07
  6644.81089  2.66305E+07
  6645.92036  2.66141E+07
  6647.02872  2.65965E+07
  6648.13746  2.65802E+07
  6649.24656  2.65626E+07
  6650.35604  2.65463E+07
  6651.46441  2.65288E+07
  6652.57462  2.65125E+07
  6653.68373  2.64962E+07
  6654.79321  2.64786E+07
  6655.90453  2.64623E+07
  6657.01475  2.64448E+07
  6658.12534  2.64286E+07
  6659.23482  2.64111E+07
  6660.34615  2.63948E+07
  6661.45785  2.63786E+07
  6662.56845  2.63611E+07
  6663.67941  2.63449E+07
  6664.79074  2.63274E+07
  6665.90244  2.63112E+07
  6667.01452  2.62938E+07
  6668.12696  2.62776E+07
  6669.23978  2.62614E+07
  6670.35148  2.62440E+07
  6671.46504  2.62278E+07
  6672.57749  2.62104E+07
  6673.69031  2.61943E+07
  6674.80349  2.61781E+07
  6675.91705  2.61608E+07
  6677.03098  2.61446E+07
  6678.14380  2.61285E+07
  6679.25847  2.61112E+07
  6680.37203  2.60951E+07
  6681.48745  2.60777E+07
  6682.60175  2.60617E+07
  6683.71642  2.60456E+07
  6684.83147  2.60283E+07
  6685.94689  2.60122E+07
  6687.06118  2.59949E+07
  6688.17734  2.59789E+07
  6689.29238  2.59628E+07
  6690.40780  2.59456E+07
  6691.52508  2.59295E+07
  6692.64123  2.59135E+07
  6693.75627  2.58963E+07
  6694.87317  2.58803E+07
  6695.99044  2.58631E+07
  6697.10660  2.58471E+07
  6698.22462  2.58311E+07
  6699.34151  2.58139E+07
  6700.45878  2.57980E+07
  6701.57642  2.57820E+07
  6702.69444  2.57648E+07
  6703.81283  2.57489E+07
  6704.93159  2.57330E+07
  6706.04922  2.57158E+07
  6707.16873  2.56999E+07
  6708.28711  2.56840E+07
  6709.40586  2.56669E+07
  6710.52499  2.56510E+07
  6711.64449  2.56351E+07
  6712.76436  2.56180E+07
  6713.88461  2.56022E+07
  6715.00372  2.55863E+07
  6716.12321  2.55692E+07
  6717.24458  2.55534E+07
  6718.36482  2.55376E+07
  6719.48543  2.55205E+07
  6720.60641  2.55047E+07
  6721.72777  2.54889E+07
  6722.84800  2.54719E+07
  6723.97010  2.54561E+07
  6725.09108  2.54403E+07
  6726.21393  2.54233E+07
  6727.33565  2.54075E+07
  6728.45775  2.53917E+07
  6729.58022  2.53748E+07
  6730.70306  2.53590E+07
  6731.82477  2.53433E+07
  6732.94836  2.53263E+07
  6734.07082  2.53106E+07
  6735.19516  2.52949E+07
  6736.31837  2.52792E+07
  6737.44195  2.52623E+07
  6738.56590  2.52466E+07
  6739.69023  2.52309E+07
  6740.81342  2.52140E+07
  6741.93850  2.51983E+07
  6743.06244  2.51827E+07
  6744.18827  2.51670E+07
  6745.31296  2.51502E+07
  6746.43802  2.51345E+07
  6747.56346  2.51189E+07
  6748.68927  2.51021E+07
  6749.81394  2.50865E+07
  6750.94051  2.50708E+07
  6752.06593  2.50552E+07
  6753.19325  2.50384E+07
  6754.31942  2.50229E+07
  6755.44597  2.50073E+07
  6756.57289  2.49917E+07
  6757.70019  2.49749E+07
  6758.82787  2.49594E+07
  6759.95440  2.49438E+07
  6761.08282  2.49271E+07
  6762.21010  2.49116E+07
  6763.33776  2.48961E+07
  6764.46579  2.48805E+07
  6765.59420  2.48638E+07
  6766.72298  2.48483E+07
  6767.85214  2.48328E+07
  6768.98168  2.48173E+07
  6770.11007  2.48007E+07
  6771.23883  2.47852E+07
  6772.36950  2.47697E+07
  6773.49902  2.47543E+07
  6774.62891  2.47376E+07
  6775.75918  2.47222E+07
  6776.88829  2.47068E+07
  6778.01932  2.46913E+07
  6779.14919  2.46759E+07
  6780.28097  2.46593E+07
  6781.41159  2.46439E+07
  6782.54259  2.46285E+07
  6783.67396  2.46131E+07
  6784.80572  2.45966E+07
  6785.93785  2.45812E+07
  6787.06882  2.45658E+07
  6788.20171  2.45505E+07
  6789.33344  2.45351E+07
  6790.46708  2.45186E+07
  6791.59957  2.45033E+07
  6792.73243  2.44879E+07
  6793.86567  2.44726E+07
  6794.99929  2.44573E+07
  6796.13174  2.44408E+07
  6797.26611  2.44255E+07
  6798.39932  2.44102E+07
  6799.53291  2.43950E+07
  6800.66842  2.43797E+07
  6801.80277  2.43632E+07
  6802.93749  2.43480E+07
  6804.07105  2.43327E+07
  6805.20653  2.43175E+07
  6806.34239  2.43022E+07
  6807.47708  2.42858E+07
  6808.61216  2.42706E+07
  6809.74761  2.42554E+07
  6810.88498  2.42402E+07
  6812.01964  2.42250E+07
  6813.15623  2.42098E+07
  6814.29320  2.41934E+07
  6815.43054  2.41783E+07
  6816.56672  2.41631E+07
  6817.70327  2.41480E+07
  6818.84176  2.41328E+07
  6819.97907  2.41176E+07
  6821.11676  2.41013E+07
  6822.25328  2.40862E+07
  6823.39173  2.40711E+07
  6824.53056  2.40560E+07
  6825.66822  2.40409E+07
  6826.80781  2.40258E+07
  6827.94623  2.40095E+07
  6829.08502  2.39944E+07
  6830.22420  2.39793E+07
  6831.36376  2.39643E+07
  6832.50214  2.39492E+07
  6833.64245  2.39341E+07
  6834.78315  2.39191E+07
  6835.92267  2.39029E+07
  6837.06257  2.38878E+07
  6838.20285  2.38728E+07
  6839.34351  2.38578E+07
  6840.48455  2.38428E+07
  6841.62597  2.38278E+07
  6842.76777  2.38128E+07
  6843.90839  2.37966E+07
  6845.05096  2.37816E+07
  6846.19234  2.37667E+07
  6847.33410  2.37517E+07
  6848.47625  2.37368E+07
  6849.61877  2.37218E+07
  6850.76168  2.37069E+07
  6851.90340  2.36919E+07
  6853.04707  2.36770E+07
  6854.18955  2.36609E+07
  6855.33398  2.36460E+07
  6856.47723  2.36311E+07
  6857.62086  2.36162E+07
  6858.76486  2.36013E+07
  6859.90926  2.35864E+07
  6861.05246  2.35715E+07
  6862.19761  2.35567E+07
  6863.34158  2.35418E+07
  6864.48749  2.35258E+07
  6865.63222  2.35109E+07
  6866.77733  2.34961E+07
  6867.92283  2.34813E+07
  6869.06870  2.34664E+07
  6870.21496  2.34516E+07
  6871.36002  2.34368E+07
  6872.50704  2.34220E+07
  6873.65287  2.34072E+07
  6874.79908  2.33924E+07
  6875.94568  2.33776E+07
  6877.09265  2.33617E+07
  6878.24001  2.33469E+07
  6879.38775  2.33322E+07
  6880.53588  2.33174E+07
  6881.68280  2.33027E+07
  6882.83011  2.32879E+07
  6883.97939  2.32732E+07
  6885.12746  2.32585E+07
  6886.27592  2.32437E+07
  6887.42476  2.32290E+07
  6888.57399  2.32143E+07
  6889.72201  2.31996E+07
  6890.87201  2.31850E+07
  6892.02080  2.31703E+07
  6893.17156  2.31556E+07
  6894.32112  2.31398E+07
  6895.47106  2.31251E+07
  6896.62138  2.31105E+07
  6897.77209  2.30958E+07
  6898.92160  2.30812E+07
  6900.07308  2.30666E+07
  6901.22335  2.30519E+07
  6902.37560  2.30373E+07
  6903.52664  2.30227E+07
  6904.67806  2.30081E+07
  6905.82987  2.29935E+07
  6906.98206  2.29789E+07
  6908.13305  2.29644E+07
  6909.28601  2.29498E+07
  6910.43936  2.29352E+07
  6911.59150  2.29207E+07
  6912.74402  2.29061E+07
  6913.89692  2.28916E+07
  6915.05022  2.28770E+07
  6916.20389  2.28625E+07
  6917.35795  2.28480E+07
  6918.51240  2.28334E+07
  6919.66563  2.28189E+07
  6920.81925  2.28044E+07
  6921.97485  2.27899E+07
  6923.12924  2.27755E+07
  6924.28402  2.27610E+07
  6925.43918  2.27465E+07
  6926.59472  2.27320E+07
  6927.74905  2.27176E+07
  6928.90537  2.27031E+07
  6930.06047  2.26887E+07
  6931.21755  2.26743E+07
  6932.37343  2.26598E+07
  6933.52968  2.26454E+07
  6934.68632  2.26310E+07
  6935.84335  2.26166E+07
  6936.99916  2.26022E+07
  6938.15696  2.25878E+07
  6939.31515  2.25734E+07
  6940.47211  2.25590E+07
  6941.62947  2.25446E+07
  6942.78720  2.25303E+07
  6943.94533  2.25159E+07
  6945.10384  2.25016E+07
  6946.26274  2.24872E+07
  6947.42202  2.24729E+07
  6948.58008  2.24586E+07
  6949.73853  2.24442E+07
  6950.89897  2.24299E+07
  6952.05819  2.24156E+07
  6953.21780  2.24013E+07
  6954.37779  2.23870E+07
  6955.53817  2.23727E+07
  6956.69733  2.23584E+07
  6957.85848  2.23442E+07
  6959.01841  2.23299E+07
  6960.18034  2.23156E+07
  6961.34104  2.23014E+07
  6962.50213  2.22871E+07
  6963.66360  2.22729E+07
  6964.82547  2.22587E+07
  6965.98610  2.22444E+07
  6967.14874  2.22302E+07
  6968.31014  2.22160E+07
  6969.47356  2.22018E+07
  6970.63574  2.21876E+07
  6971.79831  2.21746E+07
  6972.96127  2.21604E+07
  6974.12461  2.21462E+07
  6975.28835  2.21320E+07
  6976.45084  2.21179E+07
  6977.61535  2.21037E+07
  6978.77863  2.20896E+07
  6979.94392  2.20754E+07
  6981.10797  2.20613E+07
  6982.27241  2.20472E+07
  6983.43723  2.20330E+07
  6984.60245  2.20189E+07
  6985.76643  2.20048E+07
  6986.93242  2.19907E+07
  6988.09717  2.19766E+07
  6989.26395  2.19637E+07
  6990.42948  2.19496E+07
  6991.59540  2.19355E+07
  6992.76171  2.19214E+07
  6993.92840  2.19074E+07
  6995.09386  2.18933E+07
  6996.26134  2.18793E+07
  6997.42920  2.18653E+07
  6998.59582  2.18512E+07
  6999.76284  2.18372E+07
  7000.93024  2.18232E+07
  7002.09803  2.18103E+07
  7003.26621  2.17963E+07
  7004.43478  2.17823E+07
  7005.60374  2.17683E+07
  7006.77145  2.17543E+07
  7007.94119  2.17404E+07
  7009.10968  2.17264E+07
  7010.27856  2.17124E+07
  7011.44783  2.16985E+07
  7012.61749  2.16845E+07
  7013.78754  2.16717E+07
  7014.95798  2.16578E+07
  7016.12717  2.16438E+07
  7017.29840  2.16299E+07
  7018.46837  2.16160E+07
  7019.63873  2.16021E+07
  7020.80948  2.15882E+07
  7021.98062  2.15743E+07
  7023.15215  2.15615E+07
  7024.32408  2.15477E+07
  7025.49639  2.15338E+07
  7026.66745  2.15199E+07
  7027.84055  2.15060E+07
  7029.01239  2.14922E+07
  7030.18462  2.14784E+07
  7031.35724  2.14656E+07
  7032.53026  2.14518E+07
  7033.70366  2.14380E+07
  7034.87746  2.14241E+07
  7036.04999  2.14103E+07
  7037.22457  2.13965E+07
  7038.39789  2.13827E+07
  7039.57160  2.13701E+07
  7040.74571  2.13563E+07
  7041.92020  2.13425E+07
  7043.09509  2.13287E+07
  7044.27036  2.13150E+07
  7045.44438  2.13012E+07
  7046.62044  2.12874E+07
  7047.79524  2.12748E+07
  7048.97208  2.12611E+07
  7050.14767  2.12473E+07
  7051.32364  2.12336E+07
  7052.50001  2.12199E+07
  7053.67511  2.12062E+07
  7054.85226  2.11936E+07
  7056.02980  2.11799E+07
  7057.20608  2.11662E+07
  7058.38275  2.11525E+07
  7059.56147  2.11388E+07
  7060.73892  2.11263E+07
  7061.91677  2.11126E+07
  7063.09501  2.10990E+07
  7064.27198  2.10853E+07
  7065.45100  2.10717E+07
  7066.62876  2.10580E+07
  7067.80857  2.10455E+07
  7068.98711  2.10319E+07
  7070.16604  2.10183E+07
  7071.34537  2.10046E+07
  7072.52508  2.09910E+07
  7073.70520  2.09785E+07
  7074.88570  2.09650E+07
  7076.06493  2.09514E+07
  7077.24623  2.09378E+07
  7078.42625  2.09242E+07
  7079.60666  2.09118E+07
  7080.78746  2.08982E+07
  7081.96866  2.08847E+07
  7083.15025  2.08711E+07
  7084.33224  2.08587E+07
  7085.51295  2.08451E+07
  7086.69572  2.08316E+07
  7087.87722  2.08181E+07
  7089.05911  2.08046E+07
  7090.24307  2.07922E+07
  7091.42575  2.07787E+07
  7092.60714  2.07652E+07
  7093.79061  2.07517E+07
  7094.97447  2.07382E+07
  7096.15873  2.07258E+07
  7097.34170  2.07124E+07
  7098.52506  2.06989E+07
  7099.70883  2.06855E+07
  7100.89466  2.06731E+07
  7102.07753  2.06597E+07
  7103.26248  2.06463E+07
  7104.44782  2.06328E+07
  7105.63356  2.06205E+07
  7106.81801  2.06071E+07
  7108.00454  2.05937E+07
  7109.18977  2.05803E+07
  7110.37541  2.05680E+07
  7111.56144  2.05546E+07
  7112.74786  2.05412E+07
  7113.93468  2.05278E+07
  7115.12021  2.05156E+07
  7116.30783  2.05022E+07
  7117.49415  2.04889E+07
  7118.68255  2.04755E+07
  7119.86966  2.04633E+07
  7121.05717  2.04499E+07
  7122.24508  2.04366E+07
  7123.43338  2.04233E+07
  7124.62207  2.04110E+07
  7125.80947  2.03977E+07
  7126.99896  2.03844E+07
  7128.18715  2.03722E+07
  7129.37574  2.03589E+07
  7130.56473  2.03457E+07
  7131.75580  2.03324E+07
  7132.94389  2.03202E+07
  7134.13406  2.03069E+07
  7135.32463  2.02937E+07
  7136.51390  2.02804E+07
  7137.70527  2.02683E+07
  7138.89533  2.02550E+07
  7140.08580  2.02418E+07
  7141.27836  2.02297E+07
  7142.46961  2.02164E+07
  7143.65956  2.02032E+07
  7144.85161  2.01911E+07
  7146.04406  2.01779E+07
  7147.23521  2.01647E+07
  7148.42845  2.01515E+07
  7149.62039  2.01394E+07
  7150.81272  2.01263E+07
  7152.00546  2.01131E+07
  7153.19859  2.01010E+07
  7154.39212  2.00879E+07
  7155.58604  2.00747E+07
  7156.77866  2.00627E+07
  7157.97338  2.00495E+07
  7159.16680  2.00364E+07
  7160.36061  2.00244E+07
  7161.55482  2.00112E+07
  7162.74943  1.99981E+07
  7163.94443  1.99850E+07
  7165.13984  1.99730E+07
  7166.33564  1.99599E+07
  7167.53013  1.99468E+07
  7168.72673  1.99348E+07
  7169.92202  1.99218E+07
  7171.11770  1.99087E+07
  7172.31379  1.98967E+07
  7173.51027  1.98837E+07
  7174.70715  1.98706E+07
  7175.90444  1.98587E+07
  7177.10040  1.98456E+07
  7178.29848  1.98326E+07
  7179.49524  1.98207E+07
  7180.69412  1.98076E+07
  7181.89168  1.97946E+07
  7183.08964  1.97827E+07
  7184.28800  1.97697E+07
  7185.48504  1.97578E+07
  7186.68420  1.97448E+07
  7187.88376  1.97318E+07
  7189.08199  1.97199E+07
  7190.28063  1.97070E+07
  7191.48139  1.96940E+07
  7192.68082  1.96821E+07
  7193.88066  1.96692E+07
  7195.08089  1.96563E+07
  7196.27980  1.96444E+07
  7197.48084  1.96315E+07
  7198.68055  1.96196E+07
  7199.88238  1.96067E+07
  7201.08289  1.95938E+07
  7202.28380  1.95820E+07
  7203.48511  1.95691E+07
  7204.68682  1.95562E+07
  7205.88894  1.95444E+07
  7207.09145  1.95315E+07
  7208.29263  1.95197E+07
  7209.49595  1.95068E+07
  7210.69793  1.94940E+07
  7211.90031  1.94822E+07
  7213.10483  1.94693E+07
  7214.30802  1.94565E+07
  7215.51161  1.94447E+07
  7216.71386  1.94319E+07
  7217.91825  1.94202E+07
  7219.12305  1.94073E+07
  7220.32650  1.93946E+07
  7221.53036  1.93828E+07
  7222.73462  1.93700E+07
  7223.94102  1.93583E+07
  7225.14608  1.93455E+07
  7226.34981  1.93327E+07
  7227.55567  1.93210E+07
  7228.76194  1.93083E+07
  7229.96687  1.92966E+07
  7231.17395  1.92838E+07
  7232.37968  1.92711E+07
  7233.58581  1.92594E+07
  7234.79235  1.92467E+07
  7235.99929  1.92350E+07
  7237.20663  1.92223E+07
  7238.41438  1.92106E+07
  7239.62078  1.91979E+07
  7240.82933  1.91852E+07
  7242.03653  1.91736E+07
  7243.24414  1.91609E+07
  7244.45215  1.91493E+07
  7245.66056  1.91366E+07
  7246.86938  1.91250E+07
  7248.07860  1.91123E+07
  7249.28822  1.90996E+07
  7250.49650  1.90880E+07
  7251.70693  1.90754E+07
  7252.91601  1.90638E+07
  7254.12549  1.90512E+07
  7255.33538  1.90396E+07
  7256.54567  1.90270E+07
  7257.75636  1.90154E+07
  7258.96746  1.90028E+07
  7260.17896  1.89902E+07
  7261.38911  1.89787E+07
  7262.60142  1.89661E+07
  7263.81238  1.89545E+07
  7265.02374  1.89420E+07
  7266.23550  1.89304E+07
  7267.44767  1.89179E+07
  7268.66024  1.89064E+07
  7269.87322  1.88938E+07
  7271.08484  1.88823E+07
  7272.29862  1.88698E+07
  7273.51105  1.88572E+07
  7274.72388  1.88458E+07
  7275.93712  1.88332E+07
  7277.15252  1.88218E+07
  7278.36480  1.88093E+07
  7279.57925  1.87978E+07
  7280.79411  1.87853E+07
  7282.00760  1.87738E+07
  7283.22327  1.87614E+07
  7284.43757  1.87499E+07
  7285.65405  1.87374E+07
  7286.86916  1.87260E+07
  7288.08468  1.87136E+07
  7289.29883  1.87021E+07
  7290.51516  1.86897E+07
  7291.73189  1.86783E+07
  7292.94726  1.86659E+07
  7294.16481  1.86545E+07
  7295.38098  1.86420E+07
  7296.59757  1.86307E+07
  7297.81456  1.86182E+07
  7299.03195  1.86069E+07
  7300.24975  1.85945E+07
  7301.46796  1.85831E+07
  7302.68658  1.85707E+07
  7303.90382  1.85594E+07
  7305.12324  1.85470E+07
  7306.34130  1.85357E+07
  7307.55976  1.85233E+07
  7308.77863  1.85120E+07
  7309.99790  1.84996E+07
  7311.21758  1.84883E+07
  7312.43767  1.84760E+07
  7313.65638  1.84647E+07
  7314.87728  1.84523E+07
  7316.09680  1.84411E+07
  7317.31673  1.84287E+07
  7318.53707  1.84175E+07
  7319.75781  1.84052E+07
  7320.97897  1.83939E+07
  7322.20052  1.83816E+07
  7323.42249  1.83703E+07
  7324.64308  1.83581E+07
  7325.86586  1.83468E+07
  7327.08726  1.83356E+07
  7328.30906  1.83233E+07
  7329.53307  1.83121E+07
  7330.75569  1.82998E+07
  7331.97693  1.82886E+07
  7333.20037  1.82764E+07
  7334.42422  1.82652E+07
  7335.64667  1.82529E+07
  7336.87134  1.82417E+07
  7338.09461  1.82295E+07
  7339.31830  1.82183E+07
  7340.54419  1.82072E+07
  7341.76869  1.81950E+07
  7342.99180  1.81838E+07
  7344.21712  1.81716E+07
  7345.44284  1.81605E+07
  7346.66718  1.81483E+07
  7347.89372  1.81371E+07
  7349.11887  1.81250E+07
  7350.34444  1.81138E+07
  7351.57040  1.81027E+07
  7352.79678  1.80906E+07
  7354.02357  1.80795E+07
  7355.25077  1.80673E+07
  7356.47657  1.80562E+07
  7357.70459  1.80441E+07
  7358.93121  1.80330E+07
  7360.16004  1.80219E+07
  7361.38748  1.80098E+07
  7362.61533  1.79987E+07
  7363.84359  1.79866E+07
  7365.07225  1.79756E+07
  7366.29952  1.79635E+07
  7367.52901  1.79524E+07
  7368.75709  1.79414E+07
  7369.98740  1.79293E+07
  7371.21631  1.79183E+07
  7372.44562  1.79062E+07
  7373.67535  1.78952E+07
  7374.90549  1.78842E+07
  7376.13603  1.78721E+07
  7377.36699  1.78611E+07
  7378.59654  1.78491E+07
  7379.82832  1.78381E+07
  7381.05869  1.78271E+07
  7382.28948  1.78151E+07
  7383.52067  1.78041E+07
  7384.75227  1.77921E+07
  7385.98429  1.77812E+07
  7387.21672  1.77702E+07
  7388.44955  1.77582E+07
  7389.68098  1.77473E+07
  7390.91464  1.77363E+07
  7392.14689  1.77244E+07
  7393.37955  1.77134E+07
  7394.61445  1.77015E+07
  7395.84793  1.76905E+07
  7397.08000  1.76796E+07
  7398.31430  1.76677E+07
  7399.54902  1.76568E+07
  7400.78233  1.76459E+07
  7402.01787  1.76339E+07
  7403.25199  1.76230E+07
  7404.48653  1.76112E+07
  7405.72331  1.76003E+07
  7406.95867  1.75894E+07
  7408.19262  1.75775E+07
  7409.42880  1.75666E+07
  7410.66540  1.75558E+07
  7411.90058  1.75439E+07
  7413.13800  1.75330E+07
  7414.37401  1.75222E+07
  7415.61042  1.75103E+07
  7416.84725  1.74995E+07
  7418.08449  1.74877E+07
  7419.32214  1.74768E+07
  7420.56021  1.74660E+07
  7421.79869  1.74542E+07
  7423.03574  1.74434E+07
  7424.27505  1.74326E+07
  7425.51293  1.74208E+07
  7426.75122  1.74100E+07
  7427.98993  1.73992E+07
  7429.22905  1.73874E+07
  7430.46858  1.73766E+07
  7431.70853  1.73659E+07
  7432.94705  1.73541E+07
  7434.18782  1.73433E+07
  7435.42716  1.73326E+07
  7436.66877  1.73208E+07
  7437.90894  1.73101E+07
  7439.14952  1.72993E+07
  7440.39052  1.72876E+07
  7441.63193  1.72769E+07
  7442.87191  1.72661E+07
  7444.11415  1.72544E+07
  7445.35496  1.72437E+07
  7446.59803  1.72330E+07
  7447.83967  1.72223E+07
  7449.08172  1.72106E+07
  7450.32418  1.71999E+07
  7451.56706  1.71892E+07
  7452.81035  1.71775E+07
  7454.05406  1.71669E+07
  7455.29632  1.71562E+07
  7456.54086  1.71445E+07
  7457.78396  1.71339E+07
  7459.02933  1.71232E+07
  7460.27325  1.71116E+07
  7461.51760  1.71009E+07
  7462.76235  1.70903E+07
  7464.00753  1.70796E+07
  7465.25126  1.70680E+07
  7466.49726  1.70574E+07
  7467.74182  1.70468E+07
  7468.98865  1.70352E+07
  7470.23404  1.70246E+07
  7471.47985  1.70140E+07
  7472.72607  1.70034E+07
  7473.97271  1.69918E+07
  7475.21976  1.69812E+07
  7476.46723  1.69706E+07
  7477.71325  1.69591E+07
  7478.96155  1.69485E+07
  7480.20840  1.69379E+07
  7481.45567  1.69274E+07
  7482.70522  1.69158E+07
  7483.95332  1.69053E+07
  7485.20183  1.68947E+07
  7486.44890  1.68842E+07
  7487.69824  1.68727E+07
  7488.94801  1.68621E+07
  7490.19632  1.68516E+07
  7491.44692  1.68401E+07
  7492.69607  1.68296E+07
  7493.94563  1.68191E+07
  7495.19561  1.68086E+07
  7496.44600  1.67971E+07
  7497.69682  1.67866E+07
  7498.94805  1.67761E+07
  7500.19782  1.67656E+07
  7501.44988  1.67542E+07
  7502.70049  1.67437E+07
  7503.95151  1.67332E+07
  7505.20295  1.67228E+07
  7506.45481  1.67113E+07
  7507.70708  1.67009E+07
  7508.95977  1.66904E+07
  7510.21288  1.66800E+07
  7511.46453  1.66695E+07
  7512.71848  1.66581E+07
  7513.97096  1.66477E+07
  7515.22574  1.66373E+07
  7516.47906  1.66269E+07
  7517.73280  1.66155E+07
  7518.98695  1.66051E+07
  7520.24153  1.65947E+07
  7521.49463  1.65843E+07
  7522.75004  1.65729E+07
  7524.00398  1.65625E+07
  7525.26023  1.65521E+07
  7526.51501  1.65418E+07
  7527.77020  1.65314E+07
  7529.02582  1.65201E+07
  7530.28185  1.65097E+07
  7531.53830  1.64994E+07
  7532.79518  1.64890E+07
  7534.05057  1.64787E+07
  7535.30828  1.64673E+07
  7536.56452  1.64570E+07
  7537.82117  1.64467E+07
  7539.08015  1.64364E+07
  7540.33764  1.64260E+07
  7541.59555  1.64148E+07
  7542.85199  1.64045E+07
  7544.11074  1.63942E+07
  7545.36991  1.63838E+07
  7546.62761  1.63736E+07
  7547.88762  1.63623E+07
  7549.14615  1.63520E+07
  7550.40510  1.63417E+07
  7551.66448  1.63315E+07
  7552.92427  1.63212E+07
  7554.18448  1.63100E+07
  7555.44512  1.62997E+07
  7556.70426  1.62895E+07
  7557.96574  1.62792E+07
  7559.22573  1.62690E+07
  7560.48614  1.62578E+07
  7561.74888  1.62475E+07
  7563.01013  1.62373E+07
  7564.27180  1.62271E+07
  7565.53198  1.62169E+07
  7566.79450  1.62067E+07
  7568.05743  1.61955E+07
  7569.31888  1.61853E+07
  7570.58266  1.61751E+07
  7571.84494  1.61649E+07
  7573.10765  1.61547E+07
  7574.37078  1.61445E+07
  7575.63433  1.61334E+07
  7576.89830  1.61232E+07
  7578.16270  1.61131E+07
  7579.42560  1.61029E+07
  7580.69084  1.60927E+07
  7581.95458  1.60826E+07
  7583.22066  1.60724E+07
  7584.48525  1.60614E+07
  7585.75026  1.60512E+07
  7587.01569  1.60411E+07
  7588.28154  1.60310E+07
  7589.54589  1.60208E+07
  7590.81259  1.60107E+07
  7592.07971  1.59997E+07
  7593.34533  1.59896E+07
  7594.61137  1.59795E+07
  7595.87976  1.59694E+07
  7597.14664  1.59593E+07
  7598.41395  1.59492E+07
  7599.67976  1.59391E+07
  7600.94791  1.59290E+07
  7602.21649  1.59180E+07
  7603.48356  1.59079E+07
  7604.75299  1.58979E+07
  7606.02091  1.58878E+07
  7607.28925  1.58778E+07
  7608.55994  1.58677E+07
  7609.82913  1.58577E+07
  7611.09681  1.58476E+07
  7612.36685  1.58367E+07
  7613.63730  1.58266E+07
  7614.90625  1.58166E+07
  7616.17756  1.58066E+07
  7617.44735  1.57966E+07
  7618.71757  1.57866E+07
  7619.99015  1.57766E+07
  7621.26122  1.57666E+07
  7622.53077  1.57566E+07
  7623.80269  1.57457E+07
  7625.07502  1.57357E+07
  7626.34585  1.57257E+07
  7627.61904  1.57157E+07
  7628.89071  1.57058E+07
  7630.16475  1.56958E+07
  7631.43727  1.56858E+07
  7632.71021  1.56759E+07
  7633.98358  1.56659E+07
  7635.25543  1.56560E+07
  7636.52965  1.56451E+07
  7637.80430  1.56352E+07
  7639.07742  1.56253E+07
  7640.35291  1.56153E+07
  7641.62689  1.56054E+07
  7642.90129  1.55955E+07
  7644.17611  1.55856E+07
  7645.45136  1.55757E+07
  7646.72703  1.55658E+07
  7648.00118  1.55559E+07
  7649.27771  1.55460E+07
  7650.55466  1.55361E+07
  7651.83008  1.55253E+07
  7653.10593  1.55154E+07
  7654.38221  1.55056E+07
  7655.65891  1.54957E+07
  7656.93604  1.54858E+07
  7658.21359  1.54760E+07
  7659.49157  1.54661E+07
  7660.76997  1.54563E+07
  7662.04685  1.54465E+07
  7663.32611  1.54366E+07
  7664.60383  1.54268E+07
  7665.88199  1.54170E+07
  7667.16057  1.54071E+07
  7668.43957  1.53973E+07
  7669.71900  1.53875E+07
  7670.99886  1.53777E+07
  7672.27719  1.53679E+07
  7673.55790  1.53572E+07
  7674.83708  1.53474E+07
  7676.11864  1.53376E+07
  7677.39867  1.53278E+07
  7678.67913  1.53180E+07
  7679.96002  1.53083E+07
  7681.24133  1.52985E+07
  7682.52307  1.52887E+07
  7683.80326  1.52790E+07
  7685.08586  1.52692E+07
  7686.36691  1.52595E+07
  7687.65036  1.52497E+07
  7688.93227  1.52400E+07
  7690.21460  1.52303E+07
  7691.49736  1.52205E+07
  7692.78055  1.52108E+07
  7694.06417  1.52011E+07
  7695.34624  1.51914E+07
  7696.63072  1.51817E+07
  7697.91364  1.51720E+07
  7699.19897  1.51623E+07
  7700.48276  1.51526E+07
  7701.76697  1.51429E+07
  7703.05161  1.51332E+07
  7704.33667  1.51235E+07
  7705.62217  1.51138E+07
  7706.90810  1.51042E+07
  7708.19247  1.50945E+07
  7709.47925  1.50848E+07
  7710.76448  1.50752E+07
  7712.05213  1.50655E+07
  7713.33822  1.50559E+07
  7714.62473  1.50462E+07
  7715.91168  1.50366E+07
  7717.19905  1.50270E+07
  7718.48487  1.50174E+07
  7719.77311  1.50077E+07
  7721.06177  1.49981E+07
  7722.34888  1.49885E+07
  7723.63641  1.49789E+07
  7724.92438  1.49693E+07
  7726.21476  1.49597E+07
  7727.50359  1.49501E+07
  7728.79085  1.49405E+07
  7730.08053  1.49309E+07
  7731.37064  1.49213E+07
  7732.65919  1.49118E+07
  7733.95017  1.49022E+07
  7735.23958  1.48926E+07
  7736.52942  1.48831E+07
  7737.82169  1.48735E+07
  7739.11239  1.48639E+07
  7740.40152  1.48544E+07
  7741.69308  1.48449E+07
  7742.98508  1.48353E+07
  7744.27750  1.48258E+07
  7745.56836  1.48163E+07
  7746.85964  1.48067E+07
  7748.15336  1.47972E+07
  7749.44551  1.47877E+07
  7750.73809  1.47782E+07
  7752.03110  1.47687E+07
  7753.32454  1.47592E+07
  7754.61640  1.47497E+07
  7755.91071  1.47402E+07
  7757.20544  1.47307E+07
  7758.49860  1.47221E+07
  7759.79219  1.47127E+07
  7761.08622  1.47032E+07
  7762.38268  1.46937E+07
  7763.67556  1.46843E+07
  7764.97088  1.46748E+07
  7766.26663  1.46653E+07
  7767.56281  1.46559E+07
  7768.85741  1.46464E+07
  7770.15446  1.46370E+07
  7771.44993  1.46276E+07
  7772.74582  1.46181E+07
  7774.04215  1.46087E+07
  7775.33892  1.45993E+07
  7776.63611  1.45899E+07
  7777.93374  1.45805E+07
  7779.23180  1.45711E+07
  7780.52828  1.45626E+07
  7781.82721  1.45532E+07
  7783.12455  1.45438E+07
  7784.42232  1.45344E+07
  7785.72255  1.45250E+07
  7787.02119  1.45156E+07
  7788.32026  1.45062E+07
  7789.61774  1.44969E+07
  7790.91768  1.44875E+07
  7792.21806  1.44781E+07
  7793.51684  1.44688E+07
  7794.81808  1.44594E+07
  7796.11773  1.44510E+07
  7797.41781  1.44416E+07
  7798.71833  1.44323E+07
  7800.01928  1.44230E+07
  7801.32066  1.44136E+07
  7802.62248  1.44043E+07
  7803.92473  1.43950E+07
  7805.22538  1.43857E+07
  7806.52647  1.43764E+07
  7807.83003  1.43671E+07
  7809.13199  1.43587E+07
  7810.43438  1.43494E+07
  7811.73720  1.43401E+07
  7813.04046  1.43308E+07
  7814.34416  1.43215E+07
  7815.64829  1.43122E+07
  7816.95081  1.43030E+07
  7818.25581  1.42937E+07
  7819.55921  1.42844E+07
  7820.86304  1.42761E+07
  7822.16731  1.42668E+07
  7823.47201  1.42576E+07
  7824.77714  1.42483E+07
  7826.08272  1.42391E+07
  7827.38872  1.42298E+07
  7828.69517  1.42206E+07
  7830.00000  1.42114E+07
  7831.30732  1.42021E+07
  7832.61302  1.41938E+07
  7833.91916  1.41846E+07
  7835.22574  1.41754E+07
  7836.53275  1.41662E+07
  7837.84020  1.41570E+07
  7839.14808  1.41478E+07
  7840.45435  1.41386E+07
  7841.76311  1.41303E+07
  7843.07025  1.41211E+07
  7844.37988  1.41119E+07
  7845.68790  1.41028E+07
  7846.99635  1.40936E+07
  7848.30524  1.40844E+07
  7849.61456  1.40753E+07
  7850.92432  1.40670E+07
  7852.23452  1.40578E+07
  7853.54310  1.40487E+07
  7854.85417  1.40396E+07
  7856.16362  1.40304E+07
  7857.47351  1.40213E+07
  7858.78589  1.40122E+07
  7860.09666  1.40039E+07
  7861.40786  1.39948E+07
  7862.71949  1.39857E+07
  7864.02951  1.39766E+07
  7865.34202  1.39675E+07
  7866.65497  1.39584E+07
  7867.96629  1.39502E+07
  7869.27805  1.39411E+07
  7870.59232  1.39320E+07
  7871.90495  1.39229E+07
  7873.21803  1.39138E+07
  7874.53154  1.39047E+07
  7875.84342  1.38965E+07
  7877.15781  1.38875E+07
  7878.47264  1.38784E+07
  7879.78583  1.38694E+07
  7881.10154  1.38603E+07
  7882.41561  1.38521E+07
  7883.73012  1.38431E+07
  7885.04507  1.38341E+07
  7886.36046  1.38250E+07
  7887.67628  1.38160E+07
  7888.99255  1.38078E+07
  7890.30717  1.37988E+07
  7891.62432  1.37898E+07
  7892.93982  1.37808E+07
  7894.25785  1.37718E+07
  7895.57423  1.37628E+07
  7896.89105  1.37547E+07
  7898.20831  1.37457E+07
  7899.52601  1.37367E+07
  7900.84415  1.37277E+07
  7902.16065  1.37187E+07
  7903.47967  1.37106E+07
  7904.79705  1.37016E+07
  7906.11695  1.36927E+07
  7907.43520  1.36837E+07
  7908.75390  1.36756E+07
  7910.07303  1.36667E+07
  7911.39261  1.36577E+07
  7912.71262  1.36488E+07
  7914.03308  1.36398E+07
  7915.35188  1.36318E+07
  7916.67322  1.36228E+07
  7917.99291  1.36139E+07
  7919.31513  1.36050E+07
  7920.63569  1.35960E+07
  7921.95670  1.35880E+07
  7923.27815  1.35791E+07
  7924.60004  1.35702E+07
  7925.92237  1.35613E+07
  7927.24305  1.35532E+07
  7928.56626  1.35444E+07
  7929.88782  1.35355E+07
  7931.21191  1.35266E+07
  7932.53435  1.35186E+07
  7933.85723  1.35097E+07
  7935.18055  1.35008E+07
  7936.50432  1.34919E+07
  7937.82852  1.34840E+07
  7939.15317  1.34751E+07
  7940.47615  1.34662E+07
  7941.80168  1.34574E+07
  7943.12555  1.34494E+07
  7944.45197  1.34406E+07
  7945.77672  1.34317E+07
  7947.10191  1.34229E+07
  7948.42755  1.34149E+07
  7949.75362  1.34061E+07
  7951.08015  1.33973E+07
  7952.40500  1.33885E+07
  7953.73240  1.33805E+07
  7955.05814  1.33717E+07
  7956.38643  1.33629E+07
  7957.71306  1.33541E+07
  7959.04012  1.33462E+07
  7960.36763  1.33374E+07
  7961.69558  1.33286E+07
  7963.02397  1.33198E+07
  7964.35281  1.33119E+07
  7965.68209  1.33031E+07
  7967.00970  1.32944E+07
  7968.33775  1.32865E+07
  7969.66836  1.32777E+07
  7970.99729  1.32690E+07
  7972.32667  1.32602E+07
  7973.65650  1.32523E+07
  7974.98676  1.32436E+07
  7976.31747  1.32348E+07
  7977.64863  1.32261E+07
  7978.97810  1.32182E+07
  7980.31015  1.32095E+07
  7981.64051  1.32008E+07
  7982.97131  1.31929E+07
  7984.30469  1.31842E+07
  7985.63638  1.31755E+07
  7986.96852  1.31677E+07
  7988.29898  1.31590E+07
  7989.63200  1.31503E+07
  7990.96548  1.31416E+07
  7992.29726  1.31337E+07
  7993.63163  1.31251E+07
  7994.96430  1.31164E+07
  7996.29742  1.31086E+07
  7997.63312  1.30999E+07
  7998.96713  1.30912E+07
  8000.30158  1.30834E+07
  8001.63435  1.30748E+07
  8002.96969  1.30661E+07
  8004.30548  1.30583E+07
  8005.63958  1.30497E+07
  8006.97626  1.30410E+07
  8008.31125  1.30332E+07
  8009.64669  1.30246E+07
  8010.98257  1.30160E+07
  8012.31889  1.30082E+07
  8013.65566  1.29996E+07
  8014.99288  1.29910E+07
  8016.33055  1.29832E+07
  8017.66651  1.29746E+07
  8019.00507  1.29660E+07
  8020.34192  1.29583E+07
  8021.67923  1.29497E+07
  8023.01698  1.29411E+07
  8024.35517  1.29333E+07
  8025.69381  1.29248E+07
  8027.03290  1.29162E+07
  8028.37244  1.29085E+07
  8029.71242  1.28999E+07
  8031.05070  1.28913E+07
  8032.39158  1.28836E+07
  8033.73075  1.28751E+07
  8035.07037  1.28665E+07
  8036.41043  1.28588E+07
  8037.75094  1.28503E+07
  8039.09190  1.28426E+07
  8040.43331  1.28340E+07
  8041.77516  1.28255E+07
  8043.11531  1.28178E+07
  8044.45806  1.28093E+07
  8045.79910  1.28008E+07
  8047.14058  1.27931E+07
  8048.48468  1.27846E+07
  8049.82706  1.27761E+07
  8051.16989  1.27684E+07
  8052.51316  1.27599E+07
  8053.85473  1.27523E+07
  8055.19890  1.27438E+07
  8056.54352  1.27353E+07
  8057.88643  1.27277E+07
  8059.22978  1.27192E+07
  8060.57575  1.27116E+07
  8061.92000  1.27031E+07
  8063.26469  1.26946E+07
  8064.60984  1.26870E+07
  8065.95544  1.26785E+07
  8067.29931  1.26709E+07
  8068.64580  1.26625E+07
  8069.99275  1.26540E+07
  8071.33796  1.26464E+07
  8072.68363  1.26380E+07
  8074.03192  1.26304E+07
  8075.37849  1.26220E+07
  8076.72551  1.26136E+07
  8078.07297  1.26060E+07
  8079.41871  1.25976E+07
  8080.76707  1.25900E+07
  8082.11588  1.25816E+07
  8083.46297  1.25732E+07
  8084.81268  1.25656E+07
  8086.16067  1.25572E+07
  8087.50910  1.25497E+07
  8088.85798  1.25413E+07
  8090.20731  1.25337E+07
  8091.55710  1.25254E+07
  8092.90733  1.25170E+07
  8094.25583  1.25094E+07
  8095.60696  1.25011E+07
  8096.95855  1.24935E+07
  8098.30840  1.24852E+07
  8099.65870  1.24777E+07
  8101.00944  1.24693E+07
  8102.36064  1.24610E+07
  8103.71229  1.24535E+07
  8105.06440  1.24451E+07
  8106.41695  1.24376E+07
  8107.76995  1.24293E+07
  8109.12122  1.24218E+07
  8110.47512  1.24135E+07
  8111.82729  1.24052E+07
  8113.17990  1.23977E+07
  8114.53297  1.23894E+07
  8115.88649  1.23819E+07
  8117.24046  1.23736E+07
  8118.59488  1.23661E+07
  8119.94975  1.23578E+07
  8121.30288  1.23504E+07
  8122.65865  1.23421E+07
  8124.01268  1.23346E+07
  8125.36936  1.23264E+07
  8126.72429  1.23181E+07
  8128.07968  1.23106E+07
  8129.43551  1.23024E+07
  8130.79180  1.22949E+07
  8132.14854  1.22867E+07
  8133.50353  1.22793E+07
  8134.86118  1.22710E+07
  8136.21707  1.22636E+07
  8137.57562  1.22553E+07
  8138.93242  1.22479E+07
  8140.28967  1.22397E+07
  8141.64737  1.22323E+07
  8143.00552  1.22241E+07
  8144.36413  1.22167E+07
  8145.72319  1.22085E+07
  8147.08270  1.22002E+07
  8148.44046  1.21929E+07
  8149.80088  1.21847E+07
  8151.15954  1.21773E+07
  8152.51865  1.21691E+07
  8153.87822  1.21617E+07
  8155.23824  1.21535E+07
  8156.59871  1.21462E+07
  8157.95964  1.21380E+07
  8159.32102  1.21306E+07
  8160.68285  1.21224E+07
  8162.04292  1.21151E+07
  8163.40567  1.21069E+07
  8164.76664  1.20996E+07
  8166.12807  1.20914E+07
  8167.48995  1.20841E+07
  8168.85229  1.20760E+07
  8170.21508  1.20686E+07
  8171.57833  1.20605E+07
  8172.94203  1.20532E+07
  8174.30396  1.20450E+07
  8175.66857  1.20377E+07
  8177.03141  1.20296E+07
  8178.39693  1.20223E+07
  8179.76068  1.20142E+07
  8181.12488  1.20069E+07
  8182.48954  1.19988E+07
  8183.85465  1.19915E+07
  8185.22022  1.19834E+07
  8186.58401  1.19761E+07
  8187.95049  1.19680E+07
  8189.31742  1.19607E+07
  8190.68257  1.19526E+07
  8192.04818  1.19454E+07
  8193.41425  1.19373E+07
  8194.78301  1.19300E+07
  8196.14998  1.19220E+07
  8197.51517  1.19147E+07
  8198.88306  1.19067E+07
  8200.25141  1.18994E+07
  8201.62021  1.18913E+07
  8202.98722  1.18841E+07
  8204.35469  1.18761E+07
  8205.72486  1.18688E+07
  8207.09324  1.18616E+07
  8208.46208  1.18536E+07
  8209.83138  1.18464E+07
  8211.20113  1.18391E+07
  8212.57134  1.18311E+07
  8213.93975  1.18239E+07
  8215.31088  1.18167E+07
  8216.68021  1.18087E+07
  8218.05225  1.18015E+07
  8219.42249  1.17935E+07
  8220.79319  1.17863E+07
  8222.16435  1.17791E+07
  8223.53596  1.17711E+07
  8224.90803  1.17639E+07
  8226.28056  1.17568E+07
  8227.65129  1.17488E+07
  8229.02474  1.17416E+07
  8230.39638  1.17345E+07
  8231.77075  1.17265E+07
  8233.14331  1.17193E+07
  8234.51633  1.17122E+07
  8235.88980  1.17042E+07
  8237.26374  1.16971E+07
  8238.63813  1.16899E+07
  8240.01298  1.16820E+07
  8241.38602  1.16748E+07
  8242.76179  1.16677E+07
  8244.13575  1.16598E+07
  8245.51244  1.16526E+07
  8246.88732  1.16455E+07
  8248.26266  1.16376E+07
  8249.63845  1.16305E+07
  8251.01471  1.16234E+07
  8252.39142  1.16154E+07
  8253.76859  1.16083E+07
  8255.14395  1.16012E+07
  8256.52204  1.15933E+07
  8257.89832  1.15863E+07
  8259.27733  1.15784E+07
  8260.65453  1.15713E+07
  8262.03218  1.15642E+07
  8263.41030  1.15563E+07
  8264.78887  1.15492E+07
  8266.16791  1.15422E+07
  8267.54740  1.15351E+07
  8268.92508  1.15272E+07
  8270.30549  1.15202E+07
  8271.68409  1.15131E+07
  8273.06314  1.15052E+07
  8274.44494  1.14982E+07
  8275.82491  1.14911E+07
  8277.20535  1.14833E+07
  8278.58624  1.14763E+07
  8279.96760  1.14692E+07
  8281.34713  1.14614E+07
  8282.72940  1.14544E+07
  8284.10985  1.14473E+07
  8285.49305  1.14395E+07
  8286.87442  1.14325E+07
  8288.25625  1.14255E+07
  8289.63855  1.14177E+07
  8291.02130  1.14106E+07
  8292.40452  1.14036E+07
  8293.78819  1.13966E+07
  8295.17233  1.13888E+07
  8296.55693  1.13818E+07
  8297.93970  1.13749E+07
  8299.32292  1.13671E+07
  8300.70891  1.13601E+07
  8302.09306  1.13531E+07
  8303.47767  1.13461E+07
  8304.86274  1.13384E+07
  8306.24828  1.13314E+07
  8307.63428  1.13244E+07
  8309.02074  1.13167E+07
  8310.40536  1.13097E+07
  8311.79274  1.13027E+07
  8313.17829  1.12958E+07
  8314.56429  1.12880E+07
  8315.95307  1.12811E+07
  8317.34000  1.12741E+07
  8318.72739  1.12672E+07
  8320.11525  1.12595E+07
  8321.50126  1.12525E+07
  8322.89004  1.12456E+07
  8324.27929  1.12387E+07
  8325.66668  1.12318E+07
  8327.05686  1.12241E+07
  8328.44518  1.12171E+07
  8329.83397  1.12102E+07
  8331.22322  1.12033E+07
  8332.61293  1.11964E+07
  8334.00311  1.11887E+07
  8335.39375  1.11818E+07
  8336.78485  1.11749E+07
  8338.17410  1.11680E+07
  8339.56613  1.11611E+07
  8340.95631  1.11543E+07
  8342.34695  1.11466E+07
  8343.74038  1.11397E+07
  8345.13195  1.11328E+07
  8346.52398  1.11260E+07
  8347.91648  1.11191E+07
  8349.30711  1.11122E+07
  8350.70054  1.11054E+07
  8352.09443  1.10985E+07
  8353.48646  1.10917E+07
  8354.88128  1.10848E+07
  8356.27424  1.10780E+07
  8357.66766  1.10703E+07
  8359.06155  1.10635E+07
  8360.45590  1.10567E+07
  8361.85072  1.10498E+07
  8363.24600  1.10430E+07
  8364.64175  1.10362E+07
  8366.03563  1.10293E+07
  8367.43231  1.10225E+07
  8368.82712  1.10157E+07
  8370.22473  1.10097E+07
  8371.62048  1.10029E+07
  8373.01668  1.09960E+07
  8374.41336  1.09892E+07
  8375.81049  1.09824E+07
  8377.20810  1.09756E+07
  8378.60383  1.09688E+07
  8380.00236  1.09621E+07
  8381.39903  1.09553E+07
  8382.79850  1.09485E+07
  8384.19609  1.09425E+07
  8385.59415  1.09357E+07
  8386.99502  1.09289E+07
  8388.39401  1.09222E+07
  8389.79112  1.09154E+07
  8391.19105  1.09094E+07
  8392.59144  1.09026E+07
  8393.99230  1.08959E+07
  8395.39128  1.08891E+07
  8396.79307  1.08832E+07
  8398.19298  1.08764E+07
  8399.59336  1.08697E+07
  8400.99420  1.08637E+07
  8402.39552  1.08570E+07
  8403.79730  1.08502E+07
  8405.19954  1.08443E+07
  8406.60226  1.08375E+07
  8408.00308  1.08308E+07
  8409.40673  1.08249E+07
  8410.80849  1.08181E+07
  8412.21308  1.08122E+07
  8413.61577  1.08055E+07
  8415.01894  1.07988E+07
  8416.42257  1.07928E+07
  8417.82667  1.07861E+07
  8419.23124  1.07802E+07
  8420.63391  1.07735E+07
  8422.03941  1.07676E+07
  8423.44539  1.07609E+07
  8424.84946  1.07550E+07
  8426.25401  1.07483E+07
  8427.66139  1.07424E+07
  8429.06687  1.07365E+07
  8430.47282  1.07298E+07
  8431.87924  1.07239E+07
  8433.28613  1.07172E+07
  8434.69112  1.07114E+07
  8436.09894  1.07055E+07
  8437.50724  1.06988E+07
  8438.91363  1.06929E+07
  8440.32049  1.06863E+07
  8441.73020  1.06804E+07
  8443.13800  1.06745E+07
  8444.54627  1.06679E+07
  8445.95501  1.06620E+07
  8447.36422  1.06561E+07
  8448.77152  1.06503E+07
  8450.18167  1.06436E+07
  8451.59229  1.06378E+07
  8453.00100  1.06319E+07
  8454.41017  1.06253E+07
  8455.82221  1.06194E+07
  8457.23233  1.06136E+07
  8458.64291  1.06077E+07
  8460.05397  1.06019E+07
  8461.46550  1.05953E+07
  8462.87512  1.05894E+07
  8464.28759  1.05836E+07
  8465.70053  1.05778E+07
  8467.11155  1.05719E+07
  8468.52544  1.05653E+07
  8469.93741  1.05595E+07
  8471.34984  1.05537E+07
  8472.76275  1.05479E+07
  8474.17613  1.05421E+07
  8475.58998  1.05363E+07
  8477.00430  1.05304E+07
  8478.41670  1.05239E+07
  8479.83196  1.05181E+07
  8481.24770  1.05123E+07
  8482.66151  1.05065E+07
  8484.07579  1.05007E+07
  8485.49055  1.04949E+07
  8486.90577  1.04891E+07
  8488.32147  1.04833E+07
  8489.73764  1.04768E+07
  8491.15428  1.04710E+07
  8492.57140  1.04652E+07
  8493.98658  1.04594E+07
  8495.40464  1.04536E+07
  8496.82076  1.04479E+07
  8498.23977  1.04421E+07
  8499.65684  1.04363E+07
  8501.07439  1.04306E+07
  8502.49240  1.04248E+07
  8503.91089  1.04190E+07
  8505.32986  1.04133E+07
  8506.74929  1.04068E+07
  8508.16679  1.04010E+07
  8509.58717  1.03953E+07
  8511.00562  1.03895E+07
  8512.42453  1.03838E+07
  8513.84634  1.03780E+07
  8515.26620  1.03723E+07
  8516.68653  1.03666E+07
  8518.10734  1.03608E+07
  8519.52863  1.03551E+07
  8520.94796  1.03494E+07
  8522.37020  1.03437E+07
  8523.79290  1.03379E+07
  8525.21366  1.03315E+07
  8526.63489  1.03258E+07
  8528.05902  1.03200E+07
  8529.48120  1.03143E+07
  8530.90385  1.03086E+07
  8532.32698  1.03029E+07
  8533.75059  1.02972E+07
  8535.17224  1.02915E+07
  8536.59679  1.02858E+07
  8538.02182  1.02801E+07
  8539.44489  1.02737E+07
  8540.86844  1.02680E+07
  8542.29489  1.02623E+07
  8543.71939  1.02566E+07
  8545.14436  1.02509E+07
  8546.56981  1.02453E+07
  8547.99573  1.02396E+07
  8549.42213  1.02332E+07
  8550.84656  1.02275E+07
  8552.27391  1.02218E+07
  8553.69930  1.02162E+07
  8555.12760  1.02105E+07
  8556.55394  1.02048E+07
  8557.98075  1.01992E+07
  8559.40804  1.01928E+07
  8560.83581  1.01871E+07
  8562.26405  1.01815E+07
  8563.69277  1.01758E+07
  8565.12196  1.01702E+07
  8566.55163  1.01638E+07
  8567.97933  1.01582E+07
  8569.40996  1.01525E+07
  8570.83861  1.01469E+07
  8572.26774  1.01405E+07
  8573.69735  1.01349E+07
  8575.12743  1.01293E+07
  8576.55799  1.01236E+07
  8577.98903  1.01173E+07
  8579.42055  1.01117E+07
  8580.85008  1.01060E+07
  8582.28255  1.01004E+07
  8583.71305  1.00941E+07
  8585.14647  1.00885E+07
  8586.57792  1.00829E+07
  8588.00984  1.00773E+07
  8589.44224  1.00709E+07
  8590.87512  1.00653E+07
  8592.30848  1.00597E+07
  8593.74231  1.00534E+07
  8595.17663  1.00478E+07
  8596.60895  1.00422E+07
  8598.04422  1.00359E+07
  8599.47751  1.00303E+07
  8600.91127  1.00248E+07
  8602.34551  1.00184E+07
  8603.78269  1.00129E+07
  8605.21789  1.00066E+07
  8606.65109  1.00010E+07
  8608.08725  9.99543E+06
  8609.52388  9.98913E+06
  8610.96100  9.98357E+06
  8612.39611  9.97802E+06
  8613.83171  9.97173E+06
  8615.27026  9.96617E+06
  8616.70682  9.95989E+06
  8618.14385  9.95434E+06
  8619.58137  9.94806E+06
  8621.01936  9.94252E+06
  8622.45783  9.93699E+06
  8623.89679  9.93071E+06
  8625.33374  9.92519E+06
  8626.77365  9.91892E+06
  8628.21156  9.91340E+06
  8629.65243  9.90713E+06
  8631.09131  9.90161E+06
  8632.53066  9.89536E+06
  8633.97049  9.88985E+06
  8635.41080  9.88360E+06
  8636.85159  9.87809E+06
  8638.29286  9.87184E+06
  8639.73212  9.86634E+06
  8641.17436  9.86010E+06
  8642.61707  9.85460E+06
  8644.05778  9.84837E+06
  8645.49896  9.84288E+06
  8646.94063  9.83666E+06
  8648.38277  9.83117E+06
  8649.82540  9.82495E+06
  8651.26851  9.81874E+06
  8652.71210  9.81326E+06
  8654.15617  9.80704E+06
  8655.60073  9.80157E+06
  8657.04326  9.79537E+06
  8658.48628  9.78990E+06
  8659.93228  9.78370E+06
  8661.37626  9.77750E+06
  8662.82072  9.77204E+06
  8664.26567  9.76585E+06
  8665.71109  9.76040E+06
  8667.15700  9.75421E+06
  8668.60339  9.74803E+06
  8670.04776  9.74259E+06
  8671.49511  9.73641E+06
  8672.94044  9.73024E+06
  8674.38877  9.72480E+06
  8675.83506  9.71863E+06
  8677.28184  9.71320E+06
  8678.72910  9.70704E+06
  8680.17684  9.70088E+06
  8681.62506  9.69546E+06
  8683.07377  9.68931E+06
  8684.52297  9.68316E+06
  8685.97012  9.67774E+06
  8687.42028  9.67160E+06
  8688.86841  9.66546E+06
  8690.31702  9.66005E+06
  8691.76863  9.65391E+06
  8693.21820  9.64778E+06
  8694.66826  9.64165E+06
  8696.11880  9.63626E+06
  8697.56983  9.63013E+06
  8699.01882  9.62402E+06
  8700.47081  9.61863E+06
  8701.92076  9.61252E+06
  8703.37373  9.60640E+06
  8704.82465  9.60102E+06
  8706.27605  9.59492E+06
  8707.73047  9.58881E+06
  8709.18285  9.58271E+06
  8710.63570  9.57734E+06
  8712.08905  9.57125E+06
  8713.54034  9.56516E+06
  8714.99466  9.55907E+06
  8716.44945  9.55371E+06
  8717.90220  9.54763E+06
  8719.35543  9.54156E+06
  8720.81169  9.53620E+06
  8722.26589  9.53013E+06
  8723.72058  9.52406E+06
  8725.17575  9.51799E+06
  8726.63141  9.51265E+06
  8728.08756  9.50659E+06
  8729.54419  9.50053E+06
  8730.99876  9.49448E+06
  8732.45636  9.48843E+06
  8733.91191  9.48310E+06
  8735.36794  9.47706E+06
  8736.82700  9.47101E+06
  8738.28400  9.46497E+06
  8739.74149  9.45965E+06
  8741.19946  9.45362E+06
  8742.65792  9.44759E+06
  8744.11432  9.44156E+06
  8745.57375  9.43625E+06
  8747.03367  9.43023E+06
  8748.49153  9.42421E+06
  8749.95242  9.41819E+06
  8751.41125  9.41218E+06
  8752.87057  9.40689E+06
  8754.33037  9.40088E+06
  8755.79065  9.39487E+06
  8757.25143  9.38887E+06
  8758.71269  9.38287E+06
  8760.17444  9.37759E+06
  8761.63412  9.37160E+06
  8763.09685  9.36561E+06
  8764.55750  9.35962E+06
  8766.02120  9.35363E+06
  8767.48283  9.34837E+06
  8768.94494  9.34239E+06
  8770.40754  9.33641E+06
  8771.87063  9.33044E+06
  8773.33421  9.32447E+06
  8774.79828  9.31921E+06
  8776.26026  9.31325E+06
  8777.72531  9.30729E+06
  8779.18827  9.30133E+06
  8780.65429  9.29537E+06
  8782.11823  9.28942E+06
  8783.58265  9.28419E+06
  8785.04757  9.27824E+06
  8786.51297  9.27229E+06
  8787.97886  9.26635E+06
  8789.44524  9.26041E+06
  8790.91211  9.25448E+06
  8792.37690  9.24926E+06
  8793.84475  9.24333E+06
  8795.31050  9.23740E+06
  8796.77933  9.23147E+06
  8798.24607  9.22555E+06
  8799.71330  9.21964E+06
  8801.18101  9.21443E+06
  8802.64922  9.20852E+06
  8804.11791  9.20261E+06
  8805.58710  9.19670E+06
  8807.05678  9.19079E+06
  8808.52435  9.18490E+06
  8809.99501  9.17970E+06
  8811.46357  9.17381E+06
  8812.93262  9.16792E+06
  8814.40215  9.16203E+06
  8815.87477  9.15614E+06
  8817.34529  9.15026E+06
  8818.81630  9.14508E+06
  8820.28521  9.13921E+06
  8821.75720  9.13333E+06
  8823.22968  9.12746E+06
  8824.70005  9.12159E+06
  8826.17352  9.11572E+06
  8827.64487  9.11057E+06
  8829.11672  9.10471E+06
  8830.59166  9.09884E+06
  8832.06449  9.09299E+06
  8833.53781  9.08714E+06
  8835.00902  9.08129E+06
  8836.48333  9.07544E+06
  8837.95812  9.07030E+06
  8839.43341  9.06446E+06
  8840.90658  9.05863E+06
  8842.38286  9.05279E+06
  8843.85701  9.04696E+06
  8845.33166  9.04113E+06
  8846.80680  9.03600E+06
  8848.28244  9.03018E+06
  8849.75856  9.02436E+06
  8851.23518  9.01854E+06
  8852.71229  9.01272E+06
  8854.18728  9.00692E+06
  8855.66537  9.00110E+06
  8857.14134  8.99600E+06
  8858.62043  8.99019E+06
  8860.09738  8.98439E+06
  8861.57483  8.97860E+06
  8863.05278  8.97280E+06
  8864.53121  8.96701E+06
  8866.01014  8.96122E+06
  8867.48956  8.95613E+06
  8868.96948  8.95034E+06
  8870.44726  8.94457E+06
  8871.92817  8.93879E+06
  8873.40694  8.93301E+06
  8874.88883  8.92724E+06
  8876.36859  8.92217E+06
  8877.84884  8.91640E+06
  8879.32959  8.91064E+06
  8880.81083  8.90487E+06
  8882.29256  8.89911E+06
  8883.77479  8.89336E+06
  8885.25751  8.88760E+06
  8886.73810  8.88255E+06
  8888.22181  8.87680E+06
  8889.70338  8.87106E+06
  8891.18545  8.86532E+06
  8892.67065  8.85958E+06
  8894.15370  8.85384E+06
  8895.63725  8.84811E+06
  8897.12130  8.84307E+06
  8898.60584  8.83734E+06
  8900.08823  8.83162E+06
  8901.57376  8.82590E+06
  8903.05715  8.82018E+06
  8904.54367  8.81446E+06
  8906.02804  8.80944E+06
  8907.51555  8.80373E+06
  8909.00092  8.79802E+06
  8910.48678  8.79232E+06
  8911.97313  8.78661E+06
  8913.45998  8.78091E+06
  8914.94733  8.77522E+06
  8916.43252  8.77022E+06
  8917.92086  8.76452E+06
  8919.40704  8.75884E+06
  8920.89637  8.75315E+06
  8922.38355  8.74747E+06
  8923.87121  8.74179E+06
  8925.36204  8.73611E+06
  8926.85070  8.73112E+06
  8928.33986  8.72545E+06
  8929.82952  8.71978E+06
  8931.31701  8.71412E+06
  8932.80766  8.70845E+06
  8934.29881  8.70279E+06
  8935.78779  8.69782E+06
  8937.27993  8.69216E+06
  8938.76991  8.68651E+06
  8940.26038  8.68087E+06
  8941.75135  8.67522E+06
  8943.24282  8.66957E+06
  8944.73478  8.66462E+06
  8946.22725  8.65898E+06
  8947.72021  8.65334E+06
  8949.21099  8.64771E+06
  8950.70495  8.64208E+06
  8952.19941  8.63645E+06
  8953.69169  8.63083E+06
  8955.18446  8.62589E+06
  8956.67774  8.62027E+06
  8958.17151  8.61466E+06
  8959.66846  8.60904E+06
  8961.16056  8.60343E+06
  8962.65583  8.59782E+06
  8964.15159  8.59290E+06
  8965.64786  8.58730E+06
  8967.14195  8.58170E+06
  8968.63921  8.57610E+06
  8970.13429  8.57051E+06
  8971.62988  8.56492E+06
  8973.12595  8.56001E+06
  8974.62522  8.55442E+06
  8976.12230  8.54883E+06
  8977.61719  8.54326E+06
  8979.11526  8.53768E+06
  8980.61384  8.53210E+06
  8982.11292  8.52721E+06
  8983.60980  8.52164E+06
  8985.10719  8.51608E+06
  8986.60777  8.51051E+06
  8988.10615  8.50495E+06
  8989.60503  8.50007E+06
  8991.10442  8.49451E+06
  8992.60430  8.48896E+06
  8994.10468  8.48341E+06
  8995.60557  8.47786E+06
  8997.10696  8.47231E+06
  8998.60614  8.46745E+06
  9000.10853  8.46191E+06
  9001.60872  8.45637E+06
  9003.10940  8.45084E+06
  9004.61329  8.44530E+06
  9006.11498  8.43978E+06
  9007.61717  8.43493E+06
  9009.11986  8.42940E+06
  9010.62305  8.42388E+06
  9012.12404  8.41837E+06
  9013.62823  8.41285E+06
  9015.13293  8.40801E+06
  9016.63542  8.40250E+06
  9018.14112  8.39699E+06
  9019.64461  8.39149E+06
  9021.14860  8.38599E+06
  9022.65309  8.38116E+06
  9024.15809  8.37567E+06
  9025.66359  8.37017E+06
  9027.16958  8.36468E+06
  9028.67609  8.35919E+06
  9030.18037  8.35371E+06
  9031.68788  8.34890E+06
  9033.19317  8.34342E+06
  9034.70168  8.33794E+06
  9036.20797  8.33246E+06
  9037.71477  8.32699E+06
  9039.22207  8.32219E+06
  9040.72987  8.31673E+06
  9042.23817  8.31126E+06
  9043.74698  8.30580E+06
  9045.25629  8.30034E+06
  9046.76337  8.29556E+06
  9048.27369  8.29010E+06
  9049.78452  8.28465E+06
  9051.29311  8.27920E+06
  9052.80221  8.27375E+06
  9054.31181  8.26898E+06
  9055.82191  8.26354E+06
  9057.33252  8.25810E+06
  9058.84363  8.25267E+06
  9060.35524  8.24723E+06
  9061.86736  8.24247E+06
  9063.37725  8.23705E+06
  9064.89038  8.23162E+06
  9066.40127  8.22620E+06
  9067.91541  8.22145E+06
  9069.42731  8.21603E+06
  9070.93971  8.21062E+06
  9072.45262  8.20521E+06
  9073.96604  8.19980E+06
  9075.47996  8.19506E+06
  9076.99438  8.18966E+06
  9078.50931  8.18425E+06
  9080.02200  8.17886E+06
  9081.53794  8.17346E+06
  9083.05163  8.16874E+06
  9084.56858  8.16334E+06
  9086.08329  8.15796E+06
  9087.59850  8.15257E+06
  9089.11422  8.14786E+06
  9090.63044  8.14248E+06
  9092.14716  8.13710E+06
  9093.66440  8.13172E+06
  9095.17938  8.12635E+06
  9096.69762  8.12165E+06
  9098.21638  8.11628E+06
  9099.73287  8.11092E+06
  9101.24988  8.10556E+06
  9102.77015  8.10086E+06
  9104.28817  8.09550E+06
  9105.80669  8.09015E+06
  9107.32572  8.08480E+06
  9108.84525  8.08011E+06
  9110.36253  8.07477E+06
  9111.88307  8.06943E+06
  9113.40413  8.06408E+06
  9114.92292  8.05875E+06
  9116.44500  8.05407E+06
  9117.96480  8.04874E+06
  9119.48512  8.04341E+06
  9121.00594  8.03809E+06
  9122.52727  8.03342E+06
  9124.04910  8.02810E+06
  9125.57144  8.02278E+06
  9127.09430  8.01746E+06
  9128.61766  8.01281E+06
  9130.13874  8.00750E+06
  9131.66312  8.00219E+06
  9133.18522  7.99688E+06
  9134.70783  7.99224E+06
  9136.23373  7.98693E+06
  9137.75736  7.98164E+06
  9139.28149  7.97634E+06
  9140.80614  7.97170E+06
  9142.33129  7.96641E+06
  9143.85416  7.96113E+06
  9145.38033  7.95584E+06
  9146.90701  7.95121E+06
  9148.43141  7.94593E+06
  9149.95910  7.94065E+06
  9151.48452  7.93538E+06
  9153.01044  7.93076E+06
  9154.53687  7.92549E+06
  9156.06381  7.92023E+06
  9157.59126  7.91496E+06
  9159.11922  7.91035E+06
  9160.64769  7.90509E+06
  9162.17667  7.89983E+06
  9163.70336  7.89524E+06
  9165.23336  7.88998E+06
  9166.76107  7.88473E+06
  9168.28929  7.87949E+06
  9169.82082  7.87489E+06
  9171.35006  7.86965E+06
  9172.87981  7.86441E+06
  9174.41007  7.85918E+06
  9175.94084  7.85459E+06
  9177.46930  7.84937E+06
  9179.00109  7.84414E+06
  9180.53340  7.83956E+06
  9182.06340  7.83434E+06
  9183.59672  7.82911E+06
  9185.12774  7.82390E+06
  9186.65927  7.81933E+06
  9188.19132  7.81412E+06
  9189.72387  7.80891E+06
  9191.25694  7.80370E+06
  9192.79051  7.79914E+06
  9194.32460  7.79394E+06
  9195.85920  7.78873E+06
  9197.39149  7.78419E+06
  9198.92712  7.77899E+06
  9200.46043  7.77380E+06
  9201.99426  7.76926E+06
  9203.53142  7.76407E+06
  9205.06627  7.75888E+06
  9206.60163  7.75370E+06
  9208.13750  7.74917E+06
  9209.67389  7.74399E+06
  9211.20796  7.73881E+06
  9212.74537  7.73429E+06
  9214.28329  7.72911E+06
  9215.81890  7.72395E+06
  9217.35785  7.71878E+06
  9218.89448  7.71427E+06
  9220.43162  7.70911E+06
  9221.96927  7.70395E+06
  9223.50744  7.69944E+06
  9225.04612  7.69429E+06
  9226.58531  7.68913E+06
  9228.12502  7.68463E+06
  9229.66524  7.67948E+06
  9231.20313  7.67434E+06
  9232.74438  7.66985E+06
  9234.28330  7.66471E+06
  9235.82273  7.65958E+06
  9237.36552  7.65444E+06
  9238.90598  7.64995E+06
  9240.44696  7.64483E+06
  9241.98845  7.63970E+06
  9243.53045  7.63522E+06
  9245.07011  7.63010E+06
  9246.61314  7.62498E+06
  9248.15669  7.62051E+06
  9249.69790  7.61540E+06
  9251.24247  7.61028E+06
  9252.78471  7.60582E+06
  9254.32746  7.60072E+06
  9255.87072  7.59561E+06
  9257.41736  7.59115E+06
  9258.96166  7.58605E+06
  9260.50361  7.58096E+06
  9262.04893  7.57651E+06
  9263.59477  7.57142E+06
  9265.14113  7.56633E+06
  9266.68514  7.56188E+06
  9268.22966  7.55680E+06
  9269.77757  7.55172E+06
  9271.32312  7.54728E+06
  9272.86919  7.54221E+06
  9274.41578  7.53713E+06
  9275.96288  7.53270E+06
  9277.51049  7.52763E+06
  9279.05863  7.52256E+06
  9280.60728  7.51814E+06
  9282.15357  7.51308E+06
  9283.70326  7.50802E+06
  9285.25058  7.50360E+06
  9286.80130  7.49855E+06
  9288.34966  7.49350E+06
  9289.89853  7.48909E+06
  9291.44792  7.48404E+06
  9292.99783  7.47900E+06
  9294.54826  7.47459E+06
  9296.09920  7.46955E+06
  9297.65066  7.46451E+06
  9299.19975  7.46012E+06
  9300.75225  7.45509E+06
  9302.30238  7.45006E+06
  9303.85591  7.44567E+06
  9305.40707  7.44064E+06
  9306.95875  7.43626E+06
  9308.51095  7.43124E+06
  9310.06366  7.42622E+06
  9311.61689  7.42184E+06
  9313.17065  7.41683E+06
  9314.72491  7.41182E+06
  9316.27681  7.40745E+06
  9317.83211  7.40244E+06
  9319.38504  7.39744E+06
  9320.94139  7.39307E+06
  9322.49535  7.38807E+06
  9324.04984  7.38371E+06
  9325.60484  7.37872E+06
  9327.16036  7.37373E+06
  9328.71640  7.36938E+06
  9330.27296  7.36439E+06
  9331.83003  7.35941E+06
  9333.38763  7.35506E+06
  9334.94284  7.35008E+06
  9336.50148  7.34573E+06
  9338.05773  7.34076E+06
  9339.61450  7.33579E+06
  9341.17469  7.33145E+06
  9342.73250  7.32649E+06
  9344.29083  7.32152E+06
  9345.84967  7.31719E+06
  9347.40904  7.31223E+06
  9348.96601  7.30791E+06
  9350.52642  7.30296E+06
  9352.08735  7.29800E+06
  9353.64588  7.29368E+06
  9355.20785  7.28874E+06
  9356.76742  7.28379E+06
  9358.32751  7.27948E+06
  9359.88812  7.27454E+06
  9361.44925  7.27023E+06
  9363.01090  7.26530E+06
  9364.57308  7.26037E+06
  9366.13577  7.25606E+06
  9367.69899  7.25113E+06
  9369.25980  7.24684E+06
  9370.82406  7.24191E+06
  9372.38591  7.23700E+06
  9373.95121  7.23270E+06
  9375.51411  7.22779E+06
  9377.07752  7.22350E+06
  9378.64146  7.21859E+06
  9380.20592  7.21368E+06
  9381.77090  7.20940E+06
  9383.33640  7.20450E+06
  9384.90243  7.20022E+06
  9386.46603  7.19532E+06
  9388.03310  7.19043E+06
  9389.59776  7.18616E+06
  9391.16587  7.18126E+06
  9392.73157  7.17700E+06
  9394.29779  7.17211E+06
  9395.86453  7.16785E+06
  9397.43179  7.16297E+06
  9398.99958  7.15809E+06
  9400.56789  7.15384E+06
  9402.13672  7.14896E+06
  9403.70608  7.14471E+06
  9405.27301  7.13984E+06
  9406.84341  7.13497E+06
  9408.41139  7.13073E+06
  9409.97989  7.12587E+06
  9411.55186  7.12162E+06
  9413.12141  7.11677E+06
  9414.69148  7.11253E+06
  9416.26207  7.10768E+06
  9417.83319  7.10282E+06
  9419.40187  7.09860E+06
  9420.97403  7.09375E+06
  9422.54672  7.08953E+06
  9424.11698  7.08469E+06
  9425.69072  7.08046E+06
  9427.26202  7.07563E+06
  9428.83384  7.07141E+06
  9430.40619  7.06658E+06
  9431.97906  7.06175E+06
  9433.55246  7.05754E+06
  9435.12638  7.05272E+06
  9436.70083  7.04851E+06
  9438.27580  7.04369E+06
  9439.84833  7.03949E+06
  9441.42435  7.03467E+06
  9442.99793  7.02986E+06
  9444.57501  7.02566E+06
  9446.14963  7.02085E+06
  9447.72478  7.01667E+06
  9449.30046  7.01186E+06
  9450.87666  7.00768E+06
  9452.45339  7.00288E+06
  9454.03065  6.99869E+06
  9455.60843  6.99390E+06
  9457.18375  6.98972E+06
  9458.76258  6.98493E+06
  9460.33896  6.98014E+06
  9461.91885  6.97597E+06
  9463.49627  6.97119E+06
  9465.07423  6.96702E+06
  9466.65570  6.96224E+06
  9468.23470  6.95808E+06
  9469.81124  6.95331E+06
  9471.39130  6.94915E+06
  9472.97189  6.94438E+06
  9474.55301  6.94022E+06
  9476.13165  6.93546E+06
  9477.71382  6.93131E+06
  9479.29352  6.92655E+06
  9480.87675  6.92240E+06
  9482.45751  6.91765E+06
  9484.03879  6.91289E+06
  9485.62060  6.90875E+06
  9487.20293  6.90400E+06
  9488.78580  6.89987E+06
  9490.36919  6.89512E+06
  9491.95312  6.89099E+06
  9493.53456  6.88626E+06
  9495.11954  6.88213E+06
  9496.70204  6.87739E+06
  9498.28808  6.87327E+06
  9499.87163  6.86854E+06
  9501.45572  6.86442E+06
  9503.04033  6.85970E+06
  9504.62547  6.85558E+06
  9506.21114  6.85086E+06
  9507.79734  6.84675E+06
  9509.38407  6.84203E+06
  9510.96831  6.83793E+06
  9512.55609  6.83321E+06
  9514.14139  6.82911E+06
  9515.73024  6.82440E+06
  9517.31659  6.82031E+06
  9518.90348  6.81561E+06
  9520.49392  6.81151E+06
  9522.08186  6.80681E+06
  9523.67033  6.80272E+06
  9525.25631  6.79803E+06
  9526.84584  6.79394E+06
  9528.43591  6.78925E+06
  9530.02650  6.78517E+06
  9531.61460  6.78049E+06
  9533.20625  6.77641E+06
  9534.79541  6.77173E+06
  9536.38509  6.76766E+06
  9537.97531  6.76298E+06
  9539.56605  6.75891E+06
  9541.15733  6.75424E+06
  9542.74914  6.75018E+06
  9544.34148  6.74551E+06
  9545.93435  6.74145E+06
  9547.52775  6.73679E+06
  9549.11864  6.73273E+06
  9550.71310  6.72807E+06
  9552.30506  6.72402E+06
  9553.89754  6.71937E+06
  9555.49360  6.71532E+06
  9557.08715  6.71067E+06
  9558.68123  6.70663E+06
  9560.27584  6.70198E+06
  9561.87098  6.69794E+06
  9563.46361  6.69331E+06
  9565.05981  6.68927E+06
  9566.65655  6.68463E+06
  9568.25077  6.68060E+06
  9569.84858  6.67597E+06
  9571.44386  6.67194E+06
  9573.03967  6.66792E+06
  9574.63602  6.66329E+06
  9576.23290  6.65927E+06
  9577.83031  6.65465E+06
  9579.42826  6.65064E+06
  9581.02673  6.64602E+06
  9582.62575  6.64200E+06
  9584.22529  6.63739E+06
  9585.82231  6.63339E+06
  9587.42292  6.62878E+06
  9589.02100  6.62477E+06
  9590.61961  6.62017E+06
  9592.21876  6.61617E+06
  9593.82151  6.61217E+06
  9595.42172  6.60758E+06
  9597.02247  6.60358E+06
  9598.62068  6.59899E+06
  9600.22249  6.59500E+06
  9601.82484  6.59041E+06
  9603.42773  6.58642E+06
  9605.02807  6.58185E+06
  9606.62895  6.57786E+06
  9608.23344  6.57328E+06
  9609.83538  6.56931E+06
  9611.43786  6.56533E+06
  9613.04087  6.56076E+06
  9614.64442  6.55679E+06
  9616.24850  6.55222E+06
  9617.85312  6.54825E+06
  9619.45828  6.54369E+06
  9621.06088  6.53972E+06
  9622.66710  6.53517E+06
  9624.27386  6.53120E+06
  9625.87807  6.52724E+06
  9627.48281  6.52269E+06
  9629.08809  6.51874E+06
  9630.69700  6.51419E+06
  9632.30334  6.51024E+06
  9633.91023  6.50570E+06
  9635.51455  6.50175E+06
  9637.12251  6.49781E+06
  9638.73100  6.49327E+06
  9640.34003  6.48933E+06
  9641.94650  6.48480E+06
  9643.55660  6.48086E+06
  9645.16414  6.47634E+06
  9646.77221  6.47240E+06
  9648.38082  6.46847E+06
  9649.98997  6.46395E+06
  9651.59965  6.46003E+06
  9653.20988  6.45551E+06
  9654.82063  6.45159E+06
  9656.43193  6.44707E+06
  9658.04376  6.44315E+06
  9659.65302  6.43924E+06
  9661.26593  6.43473E+06
  9662.87626  6.43082E+06
  9664.48713  6.42632E+06
  9666.10166  6.42241E+06
  9667.71360  6.41850E+06
  9669.32609  6.41401E+06
  9670.93911  6.41010E+06
  9672.55267  6.40561E+06
  9674.16364  6.40172E+06
  9675.77828  6.39782E+06
  9677.39345  6.39333E+06
  9679.00604  6.38944E+06
  9680.62229  6.38496E+06
  9682.23596  6.38107E+06
  9683.85016  6.37719E+06
  9685.46803  6.37271E+06
  9687.08331  6.36883E+06
  9688.69913  6.36436E+06
  9690.31549  6.36048E+06
  9691.93239  6.35660E+06
  9693.54669  6.35214E+06
  9695.16467  6.34827E+06
  9696.78319  6.34381E+06
  9698.39910  6.33994E+06
  9700.01870  6.33607E+06
  9701.63570  6.33162E+06
  9703.25324  6.32776E+06
  9704.87131  6.32331E+06
  9706.48993  6.31945E+06
  9708.10908  6.31559E+06
  9709.72878  6.31115E+06
  9711.34902  6.30730E+06
  9712.96980  6.30344E+06
  9714.58797  6.29901E+06
  9716.20983  6.29516E+06
  9717.83223  6.29073E+06
  9719.45202  6.28689E+06
  9721.07235  6.28304E+06
  9722.69322  6.27862E+06
  9724.31779  6.27478E+06
  9725.93974  6.27036E+06
  9727.56224  6.26653E+06
  9729.18211  6.26270E+06
  9730.80569  6.25828E+06
  9732.42981  6.25445E+06
  9734.05447  6.25062E+06
  9735.67651  6.24622E+06
  9737.30226  6.24239E+06
  9738.92538  6.23857E+06
  9740.54905  6.23417E+06
  9742.17325  6.23036E+06
  9743.80117  6.22596E+06
  9745.42646  6.22214E+06
  9747.04913  6.21834E+06
  9748.67550  6.21395E+06
  9750.30242  6.21014E+06
  9751.92988  6.20633E+06
  9753.55471  6.20195E+06
  9755.18326  6.19815E+06
  9756.80918  6.19435E+06
  9758.43881  6.18997E+06
  9760.06581  6.18617E+06
  9761.69335  6.18238E+06
  9763.32144  6.17801E+06
  9764.95007  6.17422E+06
  9766.57924  6.16985E+06
  9768.20896  6.16606E+06
  9769.83922  6.16228E+06
  9771.46684  6.15792E+06
  9773.09819  6.15414E+06
  9774.72689  6.15036E+06
  9776.35933  6.14600E+06
  9777.98912  6.14223E+06
  9779.61946  6.13846E+06
  9781.25034  6.13411E+06
  9782.88176  6.13034E+06
  9784.51373  6.12657E+06
  9786.14624  6.12223E+06
  9787.77930  6.11846E+06
  9789.41290  6.11470E+06
  9791.04385  6.11037E+06
  9792.67854  6.10661E+06
  9794.31058  6.10285E+06
  9795.94636  6.09852E+06
  9797.57949  6.09477E+06
  9799.21316  6.09102E+06
  9800.84738  6.08670E+06
  9802.48214  6.08295E+06
  9804.11745  6.07921E+06
  9805.75330  6.07489E+06
  9807.38970  6.07115E+06
  9809.02665  6.06741E+06
  9810.66093  6.06310E+06
  9812.29897  6.05936E+06
  9813.93434  6.05563E+06
  9815.57347  6.05132E+06
  9817.20993  6.04759E+06
  9818.84694  6.04387E+06
  9820.48450  6.03957E+06
  9822.12260  6.03584E+06
  9823.76125  6.03212E+06
  9825.40044  6.02840E+06
  9827.04018  6.02411E+06
  9828.67725  6.02039E+06
  9830.31809  6.01668E+06
  9831.95947  6.01239E+06
  9833.59817  6.00868E+06
  9835.23743  6.00497E+06
  9836.88045  6.00069E+06
  9838.52080  5.99699E+06
  9840.16169  5.99329E+06
  9841.80314  5.98901E+06
  9843.44512  5.98531E+06
  9845.08766  5.98161E+06
  9846.72751  5.97792E+06
  9848.37114  5.97366E+06
  9850.01209  5.96997E+06
  9851.65682  5.96627E+06
  9853.29886  5.96202E+06
  9854.94469  5.95833E+06
  9856.58782  5.95464E+06
  9858.23150  5.95039E+06
  9859.87574  5.94671E+06
  9861.52052  5.94303E+06
  9863.16585  5.93935E+06
  9864.81173  5.93511E+06
  9866.45815  5.93144E+06
  9868.10188  5.92776E+06
  9869.74941  5.92353E+06
  9871.39424  5.91986E+06
  9873.04286  5.91619E+06
  9874.68879  5.91253E+06
  9876.33526  5.90830E+06
  9877.98228  5.90464E+06
  9879.62985  5.90098E+06
  9881.27797  5.89676E+06
  9882.92664  5.89310E+06
  9884.57586  5.88945E+06
  9886.22563  5.88579E+06
  9887.87270  5.88158E+06
  9889.52357  5.87793E+06
  9891.17173  5.87429E+06
  9892.82370  5.87064E+06
  9894.47296  5.86643E+06
  9896.12277  5.86279E+06
  9897.77313  5.85915E+06
  9899.42404  5.85495E+06
  9901.07550  5.85132E+06
  9902.72751  5.84768E+06
  9904.38008  5.84405E+06
  9906.03319  5.83986E+06
  9907.68359  5.83623E+06
  9909.33781  5.83260E+06
  9910.98930  5.82898E+06
  9912.64462  5.82479E+06
  9914.29722  5.82117E+06
  9915.95037  5.81755E+06
  9917.60406  5.81394E+06
  9919.25831  5.80976E+06
  9920.91312  5.80615E+06
  9922.56847  5.80253E+06
  9924.22438  5.79892E+06
  9925.88084  5.79475E+06
  9927.53456  5.79115E+06
  9929.19213  5.78754E+06
  9930.84696  5.78394E+06
  9932.50563  5.77978E+06
  9934.16156  5.77618E+06
  9935.81805  5.77258E+06
  9937.47508  5.76899E+06
  9939.13268  5.76484E+06
  9940.79082  5.76124E+06
  9942.44952  5.75765E+06
  9944.10877  5.75406E+06
  9945.76527  5.74992E+06
  9947.42563  5.74633E+06
  9949.08324  5.74275E+06
  9950.74470  5.73917E+06
  9952.40342  5.73503E+06
  9954.06599  5.73145E+06
  9955.72582  5.72788E+06
  9957.38620  5.72430E+06
  9959.04713  5.72018E+06
  9960.70861  5.71661E+06
  9962.37065  5.71304E+06
  9964.02993  5.70947E+06
  9965.69308  5.70535E+06
  9967.35679  5.70178E+06
  9969.01773  5.69822E+06
  9970.68254  5.69466E+06
  9972.34460  5.69110E+06
  9974.00720  5.68700E+06
  9975.67036  5.68344E+06
  9977.33408  5.67989E+06
  9979.00167  5.67633E+06
  9980.66318  5.67224E+06
  9982.32856  5.66869E+06
  9983.99449  5.66514E+06
  9985.66099  5.66159E+06
  9987.32471  5.65805E+06
  9988.99232  5.65396E+06
  9990.65715  5.65042E+06
  9992.32587  5.64688E+06
  9993.99181  5.64335E+06
  9995.65831  5.63982E+06
  9997.32537  5.63573E+06
  9998.99298  5.63220E+06
